beam_id,time_s,displacement_mm,force_N
6,0.00,0.0000,0.0
6,0.10,0.0001,0.0
6,0.20,0.0006,0.0
6,0.30,0.0029,0.0
6,0.40,0.0060,0.0
6,0.50,0.0088,0.2
6,0.60,0.0118,0.4
6,0.70,0.0154,0.7
6,0.80,0.0188,1.0
6,0.90,0.0219,1.2
6,1.00,0.0251,1.5
6,1.10,0.0290,1.8
6,1.20,0.0328,2.0
6,1.30,0.0364,2.2
6,1.40,0.0396,2.4
6,1.50,0.0425,2.6
6,1.60,0.0457,2.8
6,1.70,0.0494,3.1
6,1.80,0.0532,3.3
6,1.90,0.0562,3.5
6,2.00,0.0589,3.7
6,2.10,0.0617,3.9
6,2.20,0.0650,4.1
6,2.30,0.0689,4.4
6,2.40,0.0725,4.7
6,2.50,0.0758,5.0
6,2.60,0.0795,5.3
6,2.70,0.0833,5.6
6,2.80,0.0868,5.9
6,2.90,0.0900,6.1
6,3.00,0.0929,6.4
6,3.10,0.0959,6.6
6,3.20,0.0994,7.0
6,3.30,0.1034,7.4
6,3.40,0.1071,7.7
6,3.50,0.1098,8.0
6,3.60,0.1124,8.2
6,3.70,0.1155,8.5
6,3.80,0.1191,8.9
6,3.90,0.1228,9.2
6,4.00,0.1260,9.5
6,4.10,0.1292,9.8
6,4.20,0.1329,10.2
6,4.30,0.1366,10.6
6,4.40,0.1399,10.9
6,4.50,0.1429,11.2
6,4.60,0.1459,11.5
6,4.70,0.1492,11.9
6,4.80,0.1530,12.3
6,4.90,0.1570,12.7
6,5.00,0.1603,13.1
6,5.10,0.1629,13.3
6,5.20,0.1655,13.6
6,5.30,0.1687,14.0
6,5.40,0.1725,14.4
6,5.50,0.1761,14.7
6,5.60,0.1791,15.0
6,5.70,0.1825,15.4
6,5.80,0.1861,15.8
6,5.90,0.1897,16.2
6,6.00,0.1930,16.6
6,6.10,0.1961,16.9
6,6.20,0.1993,17.2
6,6.30,0.2030,17.6
6,6.40,0.2071,18.1
6,6.50,0.2107,18.5
6,6.60,0.2134,18.7
6,6.70,0.2159,19.0
6,6.80,0.2187,19.3
6,6.90,0.2220,19.7
6,7.00,0.2257,20.1
6,7.10,0.2291,20.4
6,7.20,0.2323,20.7
6,7.30,0.2359,21.1
6,7.40,0.2396,21.5
6,7.50,0.2433,22.0
6,7.60,0.2466,22.4
6,7.70,0.2495,22.7
6,7.80,0.2526,23.1
6,7.90,0.2562,23.5
6,8.00,0.2601,24.1
6,8.10,0.2636,24.5
6,8.20,0.2662,24.8
6,8.30,0.2689,25.2
6,8.40,0.2720,25.6
6,8.50,0.2755,26.0
6,8.60,0.2792,26.5
6,8.70,0.2826,26.9
6,8.80,0.2860,27.4
6,8.90,0.2898,27.9
6,9.00,0.2933,28.4
6,9.10,0.2965,28.8
6,9.20,0.2996,29.2
6,9.30,0.3025,29.6
6,9.40,0.3057,30.0
6,9.50,0.3096,30.6
6,9.60,0.3138,31.2
6,9.70,0.3169,31.6
6,9.80,0.3194,31.9
6,9.90,0.3222,32.3
6,10.00,0.3254,32.8
6,10.10,0.3292,33.3
6,10.20,0.3327,33.8
6,10.30,0.3359,34.2
6,10.40,0.3395,34.7
6,10.50,0.3432,35.2
6,10.60,0.3465,35.7
6,10.70,0.3498,36.1
6,10.80,0.3528,36.6
6,10.90,0.3558,37.0
6,11.00,0.3593,37.5
6,11.10,0.3634,38.1
6,11.20,0.3672,38.7
6,11.30,0.3701,39.0
6,11.40,0.3727,39.4
6,11.50,0.3756,39.8
6,11.60,0.3792,40.4
6,11.70,0.3829,40.9
6,11.80,0.3861,41.4
6,11.90,0.3892,41.8
6,12.00,0.3927,42.3
6,12.10,0.3962,42.8
6,12.20,0.3997,43.3
6,12.30,0.4029,43.8
6,12.40,0.4060,44.3
6,12.50,0.4092,44.7
6,12.60,0.4131,45.3
6,12.70,0.4173,45.9
6,12.80,0.4205,46.4
6,12.90,0.4231,46.7
6,13.00,0.4257,47.1
6,13.10,0.4287,47.6
6,13.20,0.4322,48.1
6,13.30,0.4358,48.6
6,13.40,0.4390,49.1
6,13.50,0.4424,49.6
6,13.60,0.4462,50.1
6,13.70,0.4499,50.7
6,13.80,0.4533,51.2
6,13.90,0.4563,51.6
6,14.00,0.4594,52.1
6,14.10,0.4629,52.6
6,14.20,0.4668,53.2
6,14.30,0.4706,53.7
6,14.40,0.4733,54.1
6,14.50,0.4759,54.4
6,14.60,0.4787,54.9
6,14.70,0.4821,55.4
6,14.80,0.4859,56.0
6,14.90,0.4892,56.5
6,15.00,0.4924,56.9
6,15.10,0.4961,57.4
6,15.20,0.4999,58.0
6,15.30,0.5034,58.5
6,15.40,0.5065,59.0
6,15.50,0.5094,59.4
6,15.60,0.5123,59.8
6,15.70,0.5159,60.4
6,15.80,0.5200,61.0
6,15.90,0.5236,61.5
6,16.00,0.5264,61.9
6,16.10,0.5291,62.3
6,16.20,0.5320,62.8
6,16.30,0.5357,63.4
6,16.40,0.5395,63.9
6,16.50,0.5428,64.4
6,16.60,0.5460,64.8
6,16.70,0.5497,65.4
6,16.80,0.5531,65.9
6,16.90,0.5564,66.4
6,17.00,0.5595,66.8
6,17.10,0.5625,67.3
6,17.20,0.5657,67.8
6,17.30,0.5696,68.3
6,17.40,0.5738,69.0
6,17.50,0.5770,69.4
6,17.60,0.5796,69.8
6,17.70,0.5824,70.2
6,17.80,0.5856,70.7
6,17.90,0.5894,71.3
6,18.00,0.5928,71.8
6,18.10,0.5958,72.2
6,18.20,0.5992,72.7
6,18.30,0.6028,73.3
6,18.40,0.6062,73.8
6,18.50,0.6095,74.3
6,18.60,0.6126,74.7
6,18.70,0.6158,75.2
6,18.80,0.6192,75.7
6,18.90,0.6233,76.3
6,19.00,0.6273,76.9
6,19.10,0.6301,77.3
6,19.20,0.6326,77.6
6,19.30,0.6353,78.0
6,19.40,0.6386,78.6
6,19.50,0.6425,79.2
6,19.60,0.6460,79.7
6,19.70,0.6492,80.2
6,19.80,0.6529,80.7
6,19.90,0.6566,81.3
6,20.00,0.6601,81.8
6,20.10,0.6633,82.2
6,20.20,0.6663,82.6
6,20.30,0.6694,83.1
6,20.40,0.6732,83.7
6,20.50,0.6772,84.3
6,20.60,0.6804,84.8
6,20.70,0.6830,85.1
6,20.80,0.6857,85.5
6,20.90,0.6887,86.0
6,21.00,0.6924,86.6
6,21.10,0.6959,87.1
6,21.20,0.6991,87.6
6,21.30,0.7025,88.1
6,21.40,0.7063,88.7
6,21.50,0.7099,89.2
6,21.60,0.7133,89.7
6,21.70,0.7163,90.1
6,21.80,0.7191,90.5
6,21.90,0.7223,91.0
6,22.00,0.7262,91.6
6,22.10,0.7302,92.2
6,22.20,0.7335,92.7
6,22.30,0.7361,93.0
6,22.40,0.7388,93.4
6,22.50,0.7421,93.9
6,22.60,0.7459,94.6
6,22.70,0.7495,95.1
6,22.80,0.7527,95.5
6,22.90,0.7562,96.1
6,23.00,0.7599,96.6
6,23.10,0.7632,97.1
6,23.20,0.7664,97.6
6,23.30,0.7695,98.0
6,23.40,0.7725,98.5
6,23.50,0.7761,99.0
6,23.60,0.7802,99.7
6,23.70,0.7838,100.2
6,23.80,0.7866,100.6
6,23.90,0.7892,100.9
6,24.00,0.7921,101.4
6,24.10,0.7957,101.9
6,24.20,0.7995,102.5
6,24.30,0.8025,102.9
6,24.40,0.8056,103.4
6,24.50,0.8092,104.0
6,24.60,0.8129,104.5
6,24.70,0.8164,105.0
6,24.80,0.8195,105.5
6,24.90,0.8226,105.9
6,25.00,0.8260,106.4
6,25.10,0.8299,107.1
6,25.20,0.8340,107.7
6,25.30,0.8372,108.1
6,25.40,0.8397,108.4
6,25.50,0.8422,108.8
6,25.60,0.8453,109.3
6,25.70,0.8489,109.9
6,25.80,0.8526,110.4
6,25.90,0.8558,110.9
6,26.00,0.8592,111.4
6,26.10,0.8630,112.0
6,26.20,0.8667,112.5
6,26.30,0.8701,113.0
6,26.40,0.8732,113.5
6,26.50,0.8762,113.9
6,26.60,0.8796,114.4
6,26.70,0.8834,115.0
6,26.80,0.8870,115.6
6,26.90,0.8899,116.0
6,27.00,0.8925,116.3
6,27.10,0.8953,116.8
6,27.20,0.8986,117.3
6,27.30,0.9022,117.9
6,27.40,0.9057,118.4
6,27.50,0.9090,118.8
6,27.60,0.9126,119.4
6,27.70,0.9164,120.0
6,27.80,0.9198,120.5
6,27.90,0.9231,120.9
6,28.00,0.9260,121.4
6,28.10,0.9290,121.8
6,28.20,0.9324,122.4
6,28.30,0.9364,123.0
6,28.40,0.9402,123.5
6,28.50,0.9431,123.9
6,28.60,0.9457,124.3
6,28.70,0.9487,124.8
6,28.80,0.9524,125.4
6,28.90,0.9563,126.0
6,29.00,0.9595,126.4
6,29.10,0.9629,126.9
6,29.20,0.9666,127.5
6,29.30,0.9700,128.0
6,29.40,0.9733,128.5
6,29.50,0.9764,128.9
6,29.60,0.9794,129.4
6,29.70,0.9826,129.9
6,29.80,0.9865,130.5
6,29.90,0.9907,131.2
6,30.00,0.9939,131.6
6,30.10,0.9964,131.9
6,30.20,0.9990,132.3
6,30.30,1.0023,132.8
6,30.40,1.0060,133.4
6,30.50,1.0094,133.9
6,30.60,1.0123,134.3
6,30.70,1.0157,134.8
6,30.80,1.0193,135.4
6,30.90,1.0228,135.9
6,31.00,1.0261,136.4
6,31.10,1.0293,136.8
6,31.20,1.0325,137.3
6,31.30,1.0360,137.9
6,31.40,1.0401,138.5
6,31.50,1.0440,139.1
6,31.60,1.0469,139.4
6,31.70,1.0494,139.8
6,31.80,1.0521,140.2
6,31.90,1.0554,140.7
6,32.00,1.0591,141.4
6,32.10,1.0626,141.9
6,32.20,1.0658,142.4
6,32.30,1.0694,142.9
6,32.40,1.0732,143.5
6,32.50,1.0768,144.0
6,32.60,1.0801,144.5
6,32.70,1.0831,144.9
6,32.80,1.0863,145.4
6,32.90,1.0900,145.9
6,33.00,1.0937,146.5
6,33.10,1.0968,147.0
6,33.20,1.0994,147.3
6,33.30,1.1020,147.7
6,33.40,1.1051,148.2
6,33.50,1.1087,148.8
6,33.60,1.1125,149.4
6,33.70,1.1158,149.9
6,33.80,1.1193,150.4
6,33.90,1.1230,150.9
6,34.00,1.1265,151.4
6,34.10,1.1299,151.9
6,34.20,1.1329,152.4
6,34.30,1.1358,152.8
6,34.40,1.1390,153.3
6,34.50,1.1427,153.9
6,34.60,1.1469,154.5
6,34.70,1.1502,155.0
6,34.80,1.1528,155.3
6,34.90,1.1556,155.8
6,35.00,1.1589,156.3
6,35.10,1.1628,156.9
6,35.20,1.1663,157.4
6,35.30,1.1695,157.9
6,35.40,1.1730,158.4
6,35.50,1.1766,158.9
6,35.60,1.1800,159.4
6,35.70,1.1832,159.9
6,35.80,1.1862,160.4
6,35.90,1.1892,160.8
6,36.00,1.1927,161.4
6,36.10,1.1967,162.0
6,36.20,1.2005,162.6
6,36.30,1.2033,162.9
6,36.40,1.2058,163.3
6,36.50,1.2086,163.7
6,36.60,1.2121,164.2
6,36.70,1.2158,164.8
6,36.80,1.2190,165.3
6,36.90,1.2223,165.8
6,37.00,1.2258,166.3
6,37.10,1.2294,166.9
6,37.20,1.2329,167.4
6,37.30,1.2362,167.9
6,37.40,1.2393,168.3
6,37.50,1.2426,168.8
6,37.60,1.2465,169.4
6,37.70,1.2507,170.1
6,37.80,1.2540,170.5
6,37.90,1.2564,170.8
6,38.00,1.2590,171.2
6,38.10,1.2619,171.7
6,38.20,1.2656,172.3
6,38.30,1.2693,172.8
6,38.40,1.2725,173.3
6,38.50,1.2760,173.9
6,38.60,1.2798,174.4
6,38.70,1.2834,175.0
6,38.80,1.2869,175.5
6,38.90,1.2900,175.9
6,39.00,1.2929,176.3
6,39.10,1.2962,176.8
6,39.20,1.3001,177.4
6,39.30,1.3037,178.0
6,39.40,1.3066,178.4
6,39.50,1.3092,178.7
6,39.60,1.3120,179.2
6,39.70,1.3154,179.7
6,39.80,1.3191,180.3
6,39.90,1.3226,180.8
6,40.00,1.3258,181.3
6,40.10,1.3293,181.8
6,40.20,1.3329,182.4
6,40.30,1.3363,182.9
6,40.40,1.3397,183.3
6,40.50,1.3427,183.8
6,40.60,1.3457,184.2
6,40.70,1.3492,184.7
6,40.80,1.3533,185.4
6,40.90,1.3570,186.0
6,41.00,1.3598,186.3
6,41.10,1.3624,186.7
6,41.20,1.3654,187.1
6,41.30,1.3691,187.7
6,41.40,1.3731,188.4
6,41.50,1.3763,188.8
6,41.60,1.3796,189.3
6,41.70,1.3832,189.9
6,41.80,1.3866,190.4
6,41.90,1.3899,190.8
6,42.00,1.3929,191.3
6,42.10,1.3959,191.7
6,42.20,1.3991,192.2
6,42.30,1.4029,192.8
6,42.40,1.4072,193.5
6,42.50,1.4103,193.9
6,42.60,1.4128,194.2
6,42.70,1.4155,194.6
6,42.80,1.4186,195.1
6,42.90,1.4224,195.7
6,43.00,1.4259,196.2
6,43.10,1.4290,196.7
6,43.20,1.4324,197.2
6,43.30,1.4361,197.8
6,43.40,1.4395,198.3
6,43.50,1.4429,198.8
6,43.60,1.4461,199.3
6,43.70,1.4493,199.7
6,43.80,1.4529,200.3
6,43.90,1.4571,200.9
6,44.00,1.4609,201.5
6,44.10,1.4636,201.8
6,44.20,1.4661,202.2
6,44.30,1.4689,202.6
6,44.40,1.4722,203.1
6,44.50,1.4758,203.7
6,44.60,1.4792,204.2
6,44.70,1.4824,204.7
6,44.80,1.4860,205.2
6,44.90,1.4896,205.8
6,45.00,1.4931,206.3
6,45.10,1.4965,206.8
6,45.20,1.4994,207.2
6,45.30,1.5025,207.6
6,45.40,1.5062,208.2
6,45.50,1.5104,208.9
6,45.60,1.5137,209.3
6,45.70,1.5162,209.7
6,45.80,1.5188,210.1
6,45.90,1.5218,210.5
6,46.00,1.5253,211.1
6,46.10,1.5289,211.6
6,46.20,1.5323,212.1
6,46.30,1.5357,212.7
6,46.40,1.5396,213.3
6,46.50,1.5431,213.8
6,46.60,1.5465,214.3
6,46.70,1.5496,214.7
6,46.80,1.5525,215.1
6,46.90,1.5556,215.6
6,47.00,1.5596,216.2
6,47.10,1.5637,216.9
6,47.20,1.5669,217.3
6,47.30,1.5695,217.7
6,47.40,1.5723,218.0
6,47.50,1.5756,218.6
6,47.60,1.5796,219.2
6,47.70,1.5831,219.7
6,47.80,1.5863,220.2
6,47.90,1.5897,220.7
6,48.00,1.5934,221.2
6,48.10,1.5966,221.7
6,48.20,1.5997,222.2
6,48.30,1.6027,222.6
6,48.40,1.6058,223.1
6,48.50,1.6092,223.6
6,48.60,1.6133,224.3
6,48.70,1.6172,224.8
6,48.80,1.6200,225.2
6,48.90,1.6226,225.6
6,49.00,1.6255,225.9
6,49.10,1.6289,226.5
6,49.20,1.6326,227.1
6,49.30,1.6359,227.5
6,49.40,1.6390,228.0
6,49.50,1.6425,228.5
6,49.60,1.6460,229.1
6,49.70,1.6495,229.6
6,49.80,1.6528,230.1
6,49.90,1.6559,230.5
6,50.00,1.6592,231.0
6,50.10,1.6631,231.6
6,50.20,1.6674,232.3
6,50.30,1.6707,232.8
6,50.40,1.6733,233.1
6,50.50,1.6758,233.4
6,50.60,1.6788,233.9
6,50.70,1.6824,234.4
6,50.80,1.6861,235.1
6,50.90,1.6894,235.5
6,51.00,1.6927,236.0
6,51.10,1.6963,236.6
6,51.20,1.7000,237.1
6,51.30,1.7033,237.6
6,51.40,1.7064,238.0
6,51.50,1.7094,238.5
6,51.60,1.7128,239.0
6,51.70,1.7167,239.6
6,51.80,1.7205,240.2
6,51.90,1.7232,240.5
6,52.00,1.7258,240.9
6,52.10,1.7285,241.3
6,52.20,1.7318,241.8
6,52.30,1.7356,242.4
6,52.40,1.7391,242.9
6,52.50,1.7424,243.4
6,52.60,1.7461,244.0
6,52.70,1.7498,244.5
6,52.80,1.7532,245.0
6,52.90,1.7564,245.5
6,53.00,1.7594,245.9
6,53.10,1.7624,246.3
6,53.20,1.7659,246.9
6,53.30,1.7699,247.5
6,53.40,1.7737,248.1
6,53.50,1.7765,248.5
6,53.60,1.7791,248.8
6,53.70,1.7821,249.3
6,53.80,1.7857,249.8
6,53.90,1.7895,250.4
6,54.00,1.7929,250.9
6,54.10,1.7963,251.4
6,54.20,1.8000,252.0
6,54.30,1.8034,252.5
6,54.40,1.8066,252.9
6,54.50,1.8097,253.4
6,54.60,1.8126,253.8
6,54.70,1.8158,254.3
6,54.80,1.8196,254.9
6,54.90,1.8236,255.5
6,55.00,1.8268,255.9
6,55.10,1.8295,256.3
6,55.20,1.8322,256.7
6,55.30,1.8353,257.1
6,55.40,1.8390,257.7
6,55.50,1.8426,258.2
6,55.60,1.8457,258.7
6,55.70,1.8490,259.2
6,55.80,1.8526,259.7
6,55.90,1.8561,260.3
6,56.00,1.8595,260.7
6,56.10,1.8627,261.2
6,56.20,1.8659,261.7
6,56.30,1.8695,262.2
6,56.40,1.8736,262.9
6,56.50,1.8775,263.4
6,56.60,1.8802,263.8
6,56.70,1.8827,264.1
6,56.80,1.8854,264.5
6,56.90,1.8886,265.0
6,57.00,1.8926,265.6
6,57.10,1.8961,266.2
6,57.20,1.8993,266.6
6,57.30,1.9028,267.2
6,57.40,1.9065,267.7
6,57.50,1.9100,268.2
6,57.60,1.9132,268.7
6,57.70,1.9163,269.1
6,57.80,1.9195,269.5
6,57.90,1.9231,270.1
6,58.00,1.9270,270.7
6,58.10,1.9302,271.2
6,58.20,1.9328,271.5
6,58.30,1.9354,271.9
6,58.40,1.9385,272.3
6,58.50,1.9421,272.9
6,58.60,1.9458,273.5
6,58.70,1.9491,273.9
6,58.80,1.9526,274.5
6,58.90,1.9563,275.0
6,59.00,1.9599,275.5
6,59.10,1.9633,276.0
6,59.20,1.9664,276.4
6,59.30,1.9693,276.9
6,59.40,1.9726,277.3
6,59.50,1.9764,277.9
6,59.60,1.9804,278.6
6,59.70,1.9836,279.0
6,59.80,1.9861,279.3
6,59.90,1.9889,279.7
6,60.00,1.9922,280.2
6,60.10,1.9961,280.8
6,60.20,1.9997,281.3
6,60.30,2.0029,281.8
6,60.40,2.0064,282.3
6,60.50,2.0099,282.8
6,60.60,2.0131,283.3
6,60.70,2.0163,283.7
6,60.80,2.0192,284.2
6,60.90,2.0223,284.6
6,61.00,2.0258,285.1
6,61.10,2.0299,285.8
6,61.20,2.0338,286.4
6,61.30,2.0366,286.7
6,61.40,2.0392,287.1
6,61.50,2.0421,287.5
6,61.60,2.0456,288.0
6,61.70,2.0494,288.6
6,61.80,2.0526,289.0
6,61.90,2.0557,289.4
6,62.00,2.0592,289.9
6,62.10,2.0627,290.5
6,62.20,2.0662,291.0
6,62.30,2.0696,291.5
6,62.40,2.0728,291.9
6,62.50,2.0761,292.4
6,62.60,2.0801,293.0
6,62.70,2.0843,293.6
6,62.80,2.0874,294.0
6,62.90,2.0898,294.3
6,63.00,2.0924,294.6
6,63.10,2.0954,295.1
6,63.20,2.0990,295.6
6,63.30,2.1025,296.1
6,63.40,2.1057,296.6
6,63.50,2.1091,297.1
6,63.60,2.1128,297.6
6,63.70,2.1164,298.1
6,63.80,2.1200,298.6
6,63.90,2.1232,299.0
6,64.00,2.1261,299.4
6,64.10,2.1294,299.8
6,64.20,2.1332,300.3
6,64.30,2.1370,300.8
6,64.40,2.1398,301.2
6,64.50,2.1424,301.5
6,64.60,2.1451,301.8
6,64.70,2.1484,302.3
6,64.80,2.1521,302.9
6,64.90,2.1557,303.4
6,65.00,2.1591,303.9
6,65.10,2.1627,304.5
6,65.20,2.1666,305.0
6,65.30,2.1701,305.5
6,65.40,2.1734,306.0
6,65.50,2.1764,306.4
6,65.60,2.1793,306.8
6,65.70,2.1828,307.3
6,65.80,2.1868,308.0
6,65.90,2.1904,308.5
6,66.00,2.1932,308.9
6,66.10,2.1957,309.3
6,66.20,2.1987,309.7
6,66.30,2.2023,310.3
6,66.40,2.2062,310.9
6,66.50,2.2095,311.4
6,66.60,2.2128,311.8
6,66.70,2.2163,312.4
6,66.80,2.2198,312.9
6,66.90,2.2231,313.4
6,67.00,2.2262,313.8
6,67.10,2.2292,314.3
6,67.20,2.2324,314.7
6,67.30,2.2362,315.3
6,67.40,2.2404,316.0
6,67.50,2.2436,316.4
6,67.60,2.2462,316.7
6,67.70,2.2489,317.1
6,67.80,2.2520,317.5
6,67.90,2.2558,318.1
6,68.00,2.2594,318.6
6,68.10,2.2626,319.1
6,68.20,2.2660,319.6
6,68.30,2.2695,320.1
6,68.40,2.2730,320.6
6,68.50,2.2764,321.1
6,68.60,2.2796,321.5
6,68.70,2.2827,322.0
6,68.80,2.2863,322.5
6,68.90,2.2905,323.1
6,69.00,2.2942,323.7
6,69.10,2.2969,324.0
6,69.20,2.2994,324.3
6,69.30,2.3022,324.7
6,69.40,2.3054,325.1
6,69.50,2.3090,325.7
6,69.60,2.3124,326.2
6,69.70,2.3157,326.7
6,69.80,2.3192,327.2
6,69.90,2.3228,327.7
6,70.00,2.3264,328.2
6,70.10,2.3297,328.7
6,70.20,2.3327,329.1
6,70.30,2.3359,329.6
6,70.40,2.3397,330.2
6,70.50,2.3439,330.8
6,70.60,2.3472,331.2
6,70.70,2.3496,331.5
6,70.80,2.3521,331.9
6,70.90,2.3551,332.3
6,71.00,2.3587,332.9
6,71.10,2.3626,333.4
6,71.20,2.3660,333.9
6,71.30,2.3694,334.4
6,71.40,2.3731,334.9
6,71.50,2.3766,335.4
6,71.60,2.3800,335.9
6,71.70,2.3831,336.2
6,71.80,2.3861,336.7
6,71.90,2.3893,337.1
6,72.00,2.3930,337.7
6,72.10,2.3969,338.2
6,72.20,2.4002,338.7
6,72.30,2.4028,339.0
6,72.40,2.4055,339.4
6,72.50,2.4087,339.8
6,72.60,2.4126,340.4
6,72.70,2.4162,341.0
6,72.80,2.4195,341.4
6,72.90,2.4229,341.9
6,73.00,2.4265,342.4
6,73.10,2.4299,342.9
6,73.20,2.4330,343.3
6,73.30,2.4359,343.7
6,73.40,2.4389,344.1
6,73.50,2.4423,344.6
6,73.60,2.4464,345.2
6,73.70,2.4503,345.8
6,73.80,2.4532,346.1
6,73.90,2.4558,346.4
6,74.00,2.4588,346.9
6,74.10,2.4623,347.4
6,74.20,2.4662,348.0
6,74.30,2.4694,348.4
6,74.40,2.4726,348.9
6,74.50,2.4760,349.4
6,74.60,2.4795,349.9
6,74.70,2.4829,350.3
6,74.80,2.4862,350.8
6,74.90,2.4892,351.2
6,75.00,2.4923,351.6
6,75.10,2.4961,352.2
6,75.20,2.5005,352.9
6,75.30,2.5039,353.3
6,75.40,2.5065,353.6
6,75.50,2.5092,354.0
6,75.60,2.5122,354.4
6,75.70,2.5159,355.0
6,75.80,2.5195,355.5
6,75.90,2.5226,356.0
6,76.00,2.5259,356.5
6,76.10,2.5295,357.0
6,76.20,2.5330,357.5
6,76.30,2.5365,358.0
6,76.40,2.5397,358.5
6,76.50,2.5428,358.9
6,76.60,2.5461,359.4
6,76.70,2.5500,360.0
6,76.80,2.5539,360.5
6,76.90,2.5568,360.9
6,77.00,2.5593,361.3
6,77.10,2.5619,361.6
6,77.20,2.5653,362.1
6,77.30,2.5691,362.7
6,77.40,2.5726,363.2
6,77.50,2.5758,363.6
6,77.60,2.5795,364.2
6,77.70,2.5833,364.7
6,77.80,2.5867,365.2
6,77.90,2.5900,365.7
6,78.00,2.5929,366.1
6,78.10,2.5959,366.5
6,78.20,2.5994,367.0
6,78.30,2.6034,367.6
6,78.40,2.6069,368.1
6,78.50,2.6096,368.4
6,78.60,2.6122,368.7
6,78.70,2.6151,369.2
6,78.80,2.6187,369.7
6,78.90,2.6228,370.3
6,79.00,2.6262,370.8
6,79.10,2.6296,371.3
6,79.20,2.6331,371.7
6,79.30,2.6366,372.2
6,79.40,2.6399,372.7
6,79.50,2.6428,373.1
6,79.60,2.6457,373.5
6,79.70,2.6489,373.9
6,79.80,2.6527,374.5
6,79.90,2.6571,375.2
6,80.00,2.6604,375.6
6,80.10,2.6629,375.9
6,80.20,2.6656,376.2
6,80.30,2.6689,376.7
6,80.40,2.6727,377.3
6,80.50,2.6762,377.8
6,80.60,2.6794,378.2
6,80.70,2.6827,378.7
6,80.80,2.6861,379.2
6,80.90,2.6895,379.7
6,81.00,2.6929,380.2
6,81.10,2.6961,380.6
6,81.20,2.6992,381.0
6,81.30,2.7028,381.6
6,81.40,2.7070,382.2
6,81.50,2.7108,382.8
6,81.60,2.7135,383.1
6,81.70,2.7160,383.4
6,81.80,2.7187,383.8
6,81.90,2.7219,384.3
6,82.00,2.7257,384.9
6,82.10,2.7291,385.4
6,82.20,2.7324,385.9
6,82.30,2.7360,386.4
6,82.40,2.7397,387.0
6,82.50,2.7433,387.5
6,82.60,2.7466,387.9
6,82.70,2.7496,388.4
6,82.80,2.7527,388.8
6,82.90,2.7563,389.4
6,83.00,2.7602,389.9
6,83.10,2.7636,390.4
6,83.20,2.7662,390.7
6,83.30,2.7688,391.1
6,83.40,2.7718,391.5
6,83.50,2.7755,392.1
6,83.60,2.7793,392.6
6,83.70,2.7826,393.1
6,83.80,2.7860,393.6
6,83.90,2.7897,394.1
6,84.00,2.7933,394.6
6,84.10,2.7966,395.1
6,84.20,2.7997,395.5
6,84.30,2.8027,395.8
6,84.40,2.8059,396.3
6,84.50,2.8097,396.9
6,84.60,2.8136,397.4
6,84.70,2.8167,397.8
6,84.80,2.8193,398.1
6,84.90,2.8220,398.5
6,85.00,2.8252,399.0
6,85.10,2.8292,399.6
6,85.20,2.8329,400.1
6,85.30,2.8361,400.5
6,85.40,2.8395,400.9
6,85.50,2.8432,401.4
6,85.60,2.8465,401.9
6,85.70,2.8498,402.3
6,85.80,2.8527,402.7
6,85.90,2.8558,403.1
6,86.00,2.8593,403.6
6,86.10,2.8633,404.2
6,86.20,2.8671,404.7
6,86.30,2.8699,405.0
6,86.40,2.8726,405.3
6,86.50,2.8756,405.7
6,86.60,2.8792,406.2
6,86.70,2.8830,406.7
6,86.80,2.8863,407.2
6,86.90,2.8894,407.6
6,87.00,2.8928,408.1
6,87.10,2.8962,408.6
6,87.20,2.8996,409.1
6,87.30,2.9029,409.6
6,87.40,2.9060,410.0
6,87.50,2.9093,410.5
6,87.60,2.9132,411.1
6,87.70,2.9174,411.7
6,87.80,2.9205,412.1
6,87.90,2.9230,412.4
6,88.00,2.9256,412.7
6,88.10,2.9285,413.1
6,88.20,2.9320,413.6
6,88.30,2.9355,414.2
6,88.40,2.9387,414.6
6,88.50,2.9421,415.1
6,88.60,2.9458,415.7
6,88.70,2.9496,416.2
6,88.80,2.9533,416.7
6,88.90,2.9564,417.1
6,89.00,2.9595,417.6
6,89.10,2.9630,418.0
6,89.20,2.9671,418.7
6,89.30,2.9708,419.2
6,89.40,2.9735,419.5
6,89.50,2.9759,419.8
6,89.60,2.9786,420.2
6,89.70,2.9819,420.6
6,89.80,2.9857,421.2
6,89.90,2.9892,421.7
6,90.00,2.9926,422.1
6,90.10,2.9963,422.6
6,90.20,2.9999,423.1
6,90.30,3.0032,423.5
6,90.40,3.0065,424.0
6,90.50,3.0095,424.3
6,90.60,3.0126,424.7
6,90.70,3.0161,425.2
6,90.80,3.0201,425.8
6,90.90,3.0237,426.3
6,91.00,3.0264,426.6
6,91.10,3.0289,426.9
6,91.20,3.0318,427.2
6,91.30,3.0354,427.8
6,91.40,3.0393,428.3
6,91.50,3.0427,428.7
6,91.60,3.0460,429.2
6,91.70,3.0497,429.7
6,91.80,3.0532,430.1
6,91.90,3.0564,430.6
6,92.00,3.0595,431.0
6,92.10,3.0626,431.4
6,92.20,3.0659,431.9
6,92.30,3.0697,432.5
6,92.40,3.0738,433.0
6,92.50,3.0770,433.5
6,92.60,3.0795,433.8
6,92.70,3.0822,434.1
6,92.80,3.0854,434.6
6,92.90,3.0892,435.1
6,93.00,3.0928,435.6
6,93.10,3.0959,436.1
6,93.20,3.0992,436.5
6,93.30,3.1026,437.0
6,93.40,3.1060,437.5
6,93.50,3.1095,438.0
6,93.60,3.1127,438.4
6,93.70,3.1158,438.8
6,93.80,3.1193,439.3
6,93.90,3.1237,440.0
6,94.00,3.1275,440.5
6,94.10,3.1302,440.8
6,94.20,3.1326,441.1
6,94.30,3.1354,441.5
6,94.40,3.1387,441.9
6,94.50,3.1424,442.5
6,94.60,3.1458,442.9
6,94.70,3.1491,443.4
6,94.80,3.1526,443.9
6,94.90,3.1564,444.5
6,95.00,3.1599,445.0
6,95.10,3.1633,445.4
6,95.20,3.1664,445.8
6,95.30,3.1697,446.2
6,95.40,3.1734,446.8
6,95.50,3.1775,447.4
6,95.60,3.1806,447.8
6,95.70,3.1830,448.0
6,95.80,3.1856,448.4
6,95.90,3.1886,448.8
6,96.00,3.1921,449.3
6,96.10,3.1958,449.8
6,96.20,3.1992,450.2
6,96.30,3.2027,450.7
6,96.40,3.2065,451.2
6,96.50,3.2099,451.7
6,96.60,3.2132,452.1
6,96.70,3.2164,452.5
6,96.80,3.2193,452.9
6,96.90,3.2224,453.3
6,97.00,3.2260,453.8
6,97.10,3.2299,454.4
6,97.20,3.2332,454.8
6,97.30,3.2359,455.1
6,97.40,3.2387,455.5
6,97.50,3.2419,455.9
6,97.60,3.2459,456.5
6,97.70,3.2497,457.0
6,97.80,3.2530,457.4
6,97.90,3.2564,457.9
6,98.00,3.2599,458.4
6,98.10,3.2632,458.8
6,98.20,3.2663,459.2
6,98.30,3.2693,459.6
6,98.40,3.2725,460.0
6,98.50,3.2761,460.5
6,98.60,3.2803,461.1
6,98.70,3.2841,461.7
6,98.80,3.2867,462.0
6,98.90,3.2893,462.3
6,99.00,3.2923,462.6
6,99.10,3.2958,463.1
6,99.20,3.2996,463.7
6,99.30,3.3028,464.1
6,99.40,3.3058,464.4
6,99.50,3.3092,464.9
6,99.60,3.3127,465.3
6,99.70,3.3160,465.8
6,99.80,3.3194,466.2
6,99.90,3.3225,466.6
6,100.00,3.3258,467.0
6,100.10,3.3297,467.5
6,100.20,3.3340,468.2
6,100.30,3.3373,468.6
6,100.40,3.3397,468.8
6,100.50,3.3423,469.1
6,100.60,3.3452,469.5
6,100.70,3.3488,470.1
6,100.80,3.3526,470.6
6,100.90,3.3558,471.0
6,101.00,3.3592,471.5
6,101.10,3.3629,472.0
6,101.20,3.3666,472.6
6,101.30,3.3702,473.1
6,101.40,3.3734,473.5
6,101.50,3.3764,473.9
6,101.60,3.3797,474.3
6,101.70,3.3835,474.9
6,101.80,3.3871,475.4
6,101.90,3.3898,475.7
6,102.00,3.3924,476.0
6,102.10,3.3952,476.4
6,102.20,3.3985,476.9
6,102.30,3.4022,477.4
6,102.40,3.4057,477.9
6,102.50,3.4090,478.4
6,102.60,3.4126,478.9
6,102.70,3.4165,479.4
6,102.80,3.4199,479.8
6,102.90,3.4231,480.2
6,103.00,3.4260,480.6
6,103.10,3.4289,481.0
6,103.20,3.4323,481.4
6,103.30,3.4363,482.0
6,103.40,3.4401,482.5
6,103.50,3.4429,482.9
6,103.60,3.4455,483.2
6,103.70,3.4485,483.6
6,103.80,3.4522,484.1
6,103.90,3.4565,484.7
6,104.00,3.4599,485.1
6,104.10,3.4632,485.6
6,104.20,3.4667,486.0
6,104.30,3.4701,486.4
6,104.40,3.4733,486.9
6,104.50,3.4764,487.2
6,104.60,3.4794,487.6
6,104.70,3.4827,488.0
6,104.80,3.4866,488.6
6,104.90,3.4906,489.2
6,105.00,3.4937,489.6
6,105.10,3.4963,489.8
6,105.20,3.4990,490.2
6,105.30,3.5022,490.6
6,105.40,3.5060,491.1
6,105.50,3.5095,491.6
6,105.60,3.5125,492.0
6,105.70,3.5158,492.4
6,105.80,3.5192,492.9
6,105.90,3.5228,493.4
6,106.00,3.5262,493.9
6,106.10,3.5294,494.3
6,106.20,3.5325,494.7
6,106.30,3.5360,495.2
6,106.40,3.5402,495.8
6,106.50,3.5440,496.3
6,106.60,3.5468,496.6
6,106.70,3.5493,496.9
6,106.80,3.5520,497.3
6,106.90,3.5552,497.7
6,107.00,3.5591,498.2
6,107.10,3.5626,498.8
6,107.20,3.5659,499.2
6,107.30,3.5694,499.7
6,107.40,3.5733,500.2
6,107.50,3.5770,500.7
6,107.60,3.5802,501.1
6,107.70,3.5831,501.5
6,107.80,3.5862,501.9
6,107.90,3.5898,502.4
6,108.00,3.5939,502.9
6,108.10,3.5969,503.3
6,108.20,3.5995,503.6
6,108.30,3.6021,503.9
6,108.40,3.6050,504.4
6,108.50,3.6086,504.9
6,108.60,3.6124,505.4
6,108.70,3.6158,505.9
6,108.80,3.6193,506.3
6,108.90,3.6229,506.8
6,109.00,3.6265,507.3
6,109.10,3.6298,507.7
6,109.20,3.6329,508.1
6,109.30,3.6358,508.5
6,109.40,3.6390,508.9
6,109.50,3.6428,509.5
6,109.60,3.6470,510.1
6,109.70,3.6502,510.4
6,109.80,3.6527,510.7
6,109.90,3.6555,511.0
6,110.00,3.6588,511.5
6,110.10,3.6628,512.0
6,110.20,3.6665,512.5
6,110.30,3.6697,512.9
6,110.40,3.6730,513.3
6,110.50,3.6765,513.8
6,110.60,3.6799,514.2
6,110.70,3.6832,514.6
6,110.80,3.6862,514.9
6,110.90,3.6892,515.3
6,111.00,3.6927,515.8
6,111.10,3.6967,516.4
6,111.20,3.7004,516.9
6,111.30,3.7032,517.2
6,111.40,3.7058,517.5
6,111.50,3.7087,517.9
6,111.60,3.7120,518.3
6,111.70,3.7158,518.8
6,111.80,3.7191,519.3
6,111.90,3.7223,519.7
6,112.00,3.7259,520.2
6,112.10,3.7294,520.7
6,112.20,3.7328,521.1
6,112.30,3.7361,521.6
6,112.40,3.7393,522.0
6,112.50,3.7426,522.4
6,112.60,3.7465,523.0
6,112.70,3.7507,523.6
6,112.80,3.7538,523.9
6,112.90,3.7564,524.2
6,113.00,3.7590,524.5
6,113.10,3.7620,524.9
6,113.20,3.7657,525.4
6,113.30,3.7694,525.9
6,113.40,3.7727,526.4
6,113.50,3.7760,526.8
6,113.60,3.7797,527.3
6,113.70,3.7833,527.7
6,113.80,3.7867,528.1
6,113.90,3.7898,528.5
6,114.00,3.7929,528.9
6,114.10,3.7963,529.4
6,114.20,3.8004,529.9
6,114.30,3.8040,530.4
6,114.40,3.8067,530.7
6,114.50,3.8092,531.0
6,114.60,3.8119,531.3
6,114.70,3.8152,531.7
6,114.80,3.8190,532.2
6,114.90,3.8225,532.7
6,115.00,3.8259,533.1
6,115.10,3.8295,533.6
6,115.20,3.8330,534.1
6,115.30,3.8364,534.5
6,115.40,3.8398,534.9
6,115.50,3.8427,535.3
6,115.60,3.8457,535.6
6,115.70,3.8493,536.1
6,115.80,3.8536,536.7
6,115.90,3.8573,537.2
6,116.00,3.8599,537.5
6,116.10,3.8625,537.8
6,116.20,3.8654,538.1
6,116.30,3.8691,538.6
6,116.40,3.8729,539.2
6,116.50,3.8761,539.6
6,116.60,3.8794,540.0
6,116.70,3.8831,540.4
6,116.80,3.8864,540.9
6,116.90,3.8897,541.3
6,117.00,3.8928,541.7
6,117.10,3.8958,542.1
6,117.20,3.8992,542.5
6,117.30,3.9031,543.0
6,117.40,3.9074,543.6
6,117.50,3.9104,543.9
6,117.60,3.9128,544.2
6,117.70,3.9155,544.4
6,117.80,3.9185,544.8
6,117.90,3.9223,545.4
6,118.00,3.9260,545.9
6,118.10,3.9290,546.2
6,118.20,3.9323,546.6
6,118.30,3.9358,547.1
6,118.40,3.9394,547.5
6,118.50,3.9429,548.0
6,118.60,3.9462,548.3
6,118.70,3.9493,548.7
6,118.80,3.9528,549.2
6,118.90,3.9569,549.8
6,119.00,3.9609,550.3
6,119.10,3.9637,550.6
6,119.20,3.9662,550.8
6,119.30,3.9689,551.1
6,119.40,3.9721,551.6
6,119.50,3.9759,552.1
6,119.60,3.9793,552.6
6,119.70,3.9826,553.0
6,119.80,3.9862,553.4
6,119.90,3.9898,553.9
6,120.00,3.9933,554.4
6,120.10,3.9966,554.8
6,120.20,3.9995,555.1
6,120.30,4.0026,555.5
6,120.40,4.0063,556.0
6,120.50,4.0105,556.6
6,120.60,4.0136,557.0
6,120.70,4.0162,557.3
6,120.80,4.0187,557.6
6,120.90,4.0217,558.0
6,121.00,4.0252,558.4
6,121.10,4.0290,559.0
6,121.20,4.0326,559.4
6,121.30,4.0361,559.9
6,121.40,4.0397,560.4
6,121.50,4.0431,560.8
6,121.60,4.0464,561.2
6,121.70,4.0496,561.6
6,121.80,4.0525,562.0
6,121.90,4.0556,562.4
6,122.00,4.0595,562.9
6,122.10,4.0636,563.5
6,122.20,4.0667,563.8
6,122.30,4.0693,564.1
6,122.40,4.0721,564.4
6,122.50,4.0755,564.8
6,122.60,4.0797,565.4
6,122.70,4.0833,565.9
6,122.80,4.0865,566.2
6,122.90,4.0897,566.7
6,123.00,4.0932,567.1
6,123.10,4.0966,567.5
6,123.20,4.0998,567.9
6,123.30,4.1028,568.3
6,123.40,4.1058,568.6
6,123.50,4.1093,569.1
6,123.60,4.1134,569.6
6,123.70,4.1172,570.1
6,123.80,4.1200,570.4
6,123.90,4.1225,570.7
6,124.00,4.1254,571.0
6,124.10,4.1290,571.4
6,124.20,4.1326,571.9
6,124.30,4.1358,572.3
6,124.40,4.1391,572.7
6,124.50,4.1425,573.1
6,124.60,4.1460,573.6
6,124.70,4.1495,574.0
6,124.80,4.1529,574.4
6,124.90,4.1560,574.8
6,125.00,4.1594,575.1
6,125.10,4.1632,575.6
6,125.20,4.1673,576.2
6,125.30,4.1705,576.5
6,125.40,4.1730,576.8
6,125.50,4.1756,577.1
6,125.60,4.1787,577.5
6,125.70,4.1824,578.0
6,125.80,4.1862,578.4
6,125.90,4.1894,578.8
6,126.00,4.1928,579.3
6,126.10,4.1965,579.7
6,126.20,4.2001,580.2
6,126.30,4.2034,580.6
6,126.40,4.2064,580.9
6,126.50,4.2094,581.3
6,126.60,4.2128,581.7
6,126.70,4.2167,582.2
6,126.80,4.2203,582.7
6,126.90,4.2230,583.0
6,127.00,4.2256,583.2
6,127.10,4.2284,583.5
6,127.20,4.2316,584.0
6,127.30,4.2356,584.5
6,127.40,4.2392,585.0
6,127.50,4.2426,585.4
6,127.60,4.2462,585.8
6,127.70,4.2499,586.3
6,127.80,4.2533,586.7
6,127.90,4.2566,587.1
6,128.00,4.2595,587.5
6,128.10,4.2624,587.8
6,128.20,4.2659,588.3
6,128.30,4.2700,588.9
6,128.40,4.2737,589.3
6,128.50,4.2764,589.6
6,128.60,4.2790,589.9
6,128.70,4.2819,590.2
6,128.80,4.2856,590.7
6,128.90,4.2896,591.2
6,129.00,4.2931,591.6
6,129.10,4.2964,592.0
6,129.20,4.2998,592.4
6,129.30,4.3032,592.8
6,129.40,4.3065,593.2
6,129.50,4.3096,593.5
6,129.60,4.3126,593.9
6,129.70,4.3158,594.2
6,129.80,4.3195,594.7
6,129.90,4.3236,595.2
6,130.00,4.3269,595.6
6,130.10,4.3295,595.8
6,130.20,4.3322,596.1
6,130.30,4.3353,596.5
6,130.40,4.3391,596.9
6,130.50,4.3426,597.3
6,130.60,4.3458,597.7
6,130.70,4.3492,598.1
6,130.80,4.3527,598.5
6,130.90,4.3560,598.9
6,131.00,4.3594,599.3
6,131.10,4.3625,599.7
6,131.20,4.3658,600.0
6,131.30,4.3695,600.5
6,131.40,4.3738,601.0
6,131.50,4.3774,601.4
6,131.60,4.3800,601.7
6,131.70,4.3825,601.9
6,131.80,4.3853,602.2
6,131.90,4.3886,602.6
6,132.00,4.3925,603.1
6,132.10,4.3959,603.5
6,132.20,4.3992,603.9
6,132.30,4.4029,604.4
6,132.40,4.4066,604.9
6,132.50,4.4103,605.3
6,132.60,4.4134,605.6
6,132.70,4.4163,605.9
6,132.80,4.4194,606.3
6,132.90,4.4231,606.7
6,133.00,4.4271,607.2
6,133.10,4.4302,607.6
6,133.20,4.4328,607.8
6,133.30,4.4354,608.1
6,133.40,4.4384,608.5
6,133.50,4.4421,608.9
6,133.60,4.4459,609.4
6,133.70,4.4494,609.8
6,133.80,4.4528,610.2
6,133.90,4.4565,610.7
6,134.00,4.4600,611.1
6,134.10,4.4632,611.5
6,134.20,4.4663,611.8
6,134.30,4.4692,612.1
6,134.40,4.4724,612.5
6,134.50,4.4763,613.0
6,134.60,4.4804,613.6
6,134.70,4.4835,613.9
6,134.80,4.4861,614.2
6,134.90,4.4888,614.5
6,135.00,4.4921,614.8
6,135.10,4.4961,615.4
6,135.20,4.4999,615.8
6,135.30,4.5032,616.2
6,135.40,4.5065,616.6
6,135.50,4.5098,617.0
6,135.60,4.5130,617.3
6,135.70,4.5162,617.7
6,135.80,4.5192,618.0
6,135.90,4.5223,618.4
6,136.00,4.5258,618.8
6,136.10,4.5299,619.4
6,136.20,4.5338,619.8
6,136.30,4.5365,620.1
6,136.40,4.5391,620.4
6,136.50,4.5420,620.7
6,136.60,4.5454,621.0
6,136.70,4.5492,621.5
6,136.80,4.5525,621.9
6,136.90,4.5558,622.3
6,137.00,4.5593,622.7
6,137.10,4.5629,623.1
6,137.20,4.5664,623.5
6,137.30,4.5697,623.9
6,137.40,4.5727,624.2
6,137.50,4.5761,624.6
6,137.60,4.5800,625.1
6,137.70,4.5844,625.6
6,137.80,4.5875,625.9
6,137.90,4.5898,626.1
6,138.00,4.5922,626.3
6,138.10,4.5952,626.6
6,138.20,4.5989,627.1
6,138.30,4.6026,627.5
6,138.40,4.6059,627.9
6,138.50,4.6092,628.2
6,138.60,4.6128,628.7
6,138.70,4.6165,629.1
6,138.80,4.6199,629.4
6,138.90,4.6230,629.7
6,139.00,4.6260,630.0
6,139.10,4.6293,630.4
6,139.20,4.6333,630.9
6,139.30,4.6370,631.3
6,139.40,4.6398,631.6
6,139.50,4.6423,631.7
6,139.60,4.6451,632.0
6,139.70,4.6484,632.4
6,139.80,4.6522,632.9
6,139.90,4.6560,633.3
6,140.00,4.6594,633.7
6,140.10,4.6629,634.1
6,140.20,4.6664,634.5
6,140.30,4.6698,634.8
6,140.40,4.6732,635.2
6,140.50,4.6762,635.5
6,140.60,4.6792,635.8
6,140.70,4.6828,636.2
6,140.80,4.6870,636.8
6,140.90,4.6906,637.2
6,141.00,4.6932,637.4
6,141.10,4.6958,637.7
6,141.20,4.6987,638.0
6,141.30,4.7024,638.4
6,141.40,4.7064,638.9
6,141.50,4.7096,639.3
6,141.60,4.7129,639.6
6,141.70,4.7164,640.0
6,141.80,4.7197,640.4
6,141.90,4.7230,640.7
6,142.00,4.7261,641.1
6,142.10,4.7291,641.4
6,142.20,4.7323,641.7
6,142.30,4.7361,642.2
6,142.40,4.7404,642.8
6,142.50,4.7437,643.1
6,142.60,4.7462,643.3
6,142.70,4.7489,643.6
6,142.80,4.7521,643.9
6,142.90,4.7561,644.4
6,143.00,4.7596,644.8
6,143.10,4.7627,645.1
6,143.20,4.7660,645.5
6,143.30,4.7695,645.9
6,143.40,4.7729,646.2
6,143.50,4.7763,646.6
6,143.60,4.7795,647.0
6,143.70,4.7826,647.3
6,143.80,4.7861,647.7
6,143.90,4.7902,648.2
6,144.00,4.7941,648.6
6,144.10,4.7969,648.9
6,144.20,4.7994,649.1
6,144.30,4.8021,649.4
6,144.40,4.8053,649.7
6,144.50,4.8091,650.2
6,144.60,4.8126,650.6
6,144.70,4.8159,650.9
6,144.80,4.8194,651.3
6,144.90,4.8229,651.7
6,145.00,4.8264,652.0
6,145.10,4.8298,652.4
6,145.20,4.8328,652.7
6,145.30,4.8359,653.0
6,145.40,4.8397,653.4
6,145.50,4.8439,653.9
6,145.60,4.8469,654.2
6,145.70,4.8495,654.4
6,145.80,4.8520,654.6
6,145.90,4.8551,655.0
6,146.00,4.8587,655.4
6,146.10,4.8626,655.8
6,146.20,4.8660,656.2
6,146.30,4.8695,656.5
6,146.40,4.8733,657.0
6,146.50,4.8767,657.3
6,146.60,4.8801,657.7
6,146.70,4.8833,658.0
6,146.80,4.8862,658.2
6,146.90,4.8893,658.5
6,147.00,4.8930,659.0
6,147.10,4.8970,659.4
6,147.20,4.9000,659.7
6,147.30,4.9026,659.9
6,147.40,4.9053,660.1
6,147.50,4.9085,660.4
6,147.60,4.9125,660.8
6,147.70,4.9162,661.2
6,147.80,4.9194,661.5
6,147.90,4.9228,661.9
6,148.00,4.9264,662.2
6,148.10,4.9299,662.6
6,148.20,4.9331,662.9
6,148.30,4.9361,663.2
6,148.40,4.9390,663.4
6,148.50,4.9425,663.8
6,148.60,4.9465,664.2
6,148.70,4.9504,664.7
6,148.80,4.9532,664.9
6,148.90,4.9558,665.1
6,149.00,4.9587,665.3
6,149.10,4.9621,665.7
6,149.20,4.9659,666.1
6,149.30,4.9694,666.4
6,149.40,4.9726,666.7
6,149.50,4.9760,667.1
6,149.60,4.9795,667.5
6,149.70,4.9829,667.8
6,149.80,4.9863,668.2
6,149.90,4.9894,668.5
6,150.00,4.9927,668.8
6,150.10,4.9967,669.2
6,150.20,5.0008,669.7
6,150.30,5.0039,669.9
6,150.40,5.0063,670.1
6,150.50,5.0090,670.3
6,150.60,5.0120,670.6
6,150.70,5.0156,671.0
6,150.80,5.0192,671.4
6,150.90,5.0225,671.7
6,151.00,5.0260,672.0
6,151.10,5.0296,672.4
6,151.20,5.0333,672.8
6,151.30,5.0367,673.1
6,151.40,5.0398,673.4
6,151.50,5.0428,673.6
6,151.60,5.0461,673.9
6,151.70,5.0500,674.4
6,151.80,5.0537,674.7
6,151.90,5.0565,675.0
6,152.00,5.0591,675.2
6,152.10,5.0619,675.4
6,152.20,5.0653,675.8
6,152.30,5.0692,676.2
6,152.40,5.0728,676.6
6,152.50,5.0761,676.9
6,152.60,5.0797,677.2
6,152.70,5.0832,677.6
6,152.80,5.0866,677.9
6,152.90,5.0898,678.2
6,153.00,5.0929,678.5
6,153.10,5.0959,678.7
6,153.20,5.0993,679.1
6,153.30,5.1033,679.5
6,153.40,5.1069,679.9
6,153.50,5.1097,680.1
6,153.60,5.1123,680.3
6,153.70,5.1152,680.5
6,153.80,5.1188,680.9
6,153.90,5.1228,681.3
6,154.00,5.1262,681.6
6,154.10,5.1294,681.9
6,154.20,5.1329,682.3
6,154.30,5.1364,682.6
6,154.40,5.1396,682.9
6,154.50,5.1427,683.1
6,154.60,5.1457,683.4
6,154.70,5.1490,683.7
6,154.80,5.1530,684.1
6,154.90,5.1574,684.6
6,155.00,5.1606,684.9
6,155.10,5.1630,685.1
6,155.20,5.1656,685.2
6,155.30,5.1687,685.5
6,155.40,5.1725,685.9
6,155.50,5.1762,686.3
6,155.60,5.1794,686.5
6,155.70,5.1827,686.8
6,155.80,5.1861,687.2
6,155.90,5.1895,687.5
6,156.00,5.1930,687.8
6,156.10,5.1962,688.1
6,156.20,5.1993,688.3
6,156.30,5.2029,688.7
6,156.40,5.2072,689.1
6,156.50,5.2108,689.5
6,156.60,5.2134,689.6
6,156.70,5.2159,689.8
6,156.80,5.2186,690.0
6,156.90,5.2218,690.2
6,157.00,5.2256,690.6
6,157.10,5.2291,690.9
6,157.20,5.2324,691.2
6,157.30,5.2360,691.6
6,157.40,5.2396,691.9
6,157.50,5.2432,692.2
6,157.60,5.2466,692.5
6,157.70,5.2496,692.8
6,157.80,5.2528,693.0
6,157.90,5.2564,693.4
6,158.00,5.2604,693.8
6,158.10,5.2636,694.0
6,158.20,5.2661,694.2
6,158.30,5.2687,694.4
6,158.40,5.2717,694.6
6,158.50,5.2753,695.0
6,158.60,5.2792,695.4
6,158.70,5.2827,695.7
6,158.80,5.2862,696.0
6,158.90,5.2898,696.4
6,159.00,5.2932,696.7
6,159.10,5.2964,696.9
6,159.20,5.2996,697.2
6,159.30,5.3026,697.4
6,159.40,5.3058,697.7
6,159.50,5.3097,698.1
6,159.60,5.3137,698.5
6,159.70,5.3168,698.7
6,159.80,5.3193,698.8
6,159.90,5.3220,699.0
6,160.00,5.3253,699.3
6,160.10,5.3293,699.7
6,160.20,5.3330,700.0
6,160.30,5.3362,700.2
6,160.40,5.3397,700.5
6,160.50,5.3432,700.8
6,160.60,5.3466,701.1
6,160.70,5.3498,701.3
6,160.80,5.3528,701.5
6,160.90,5.3558,701.8
6,161.00,5.3593,702.1
6,161.10,5.3634,702.5
6,161.20,5.3673,702.8
6,161.30,5.3700,703.0
6,161.40,5.3725,703.1
6,161.50,5.3754,703.3
6,161.60,5.3789,703.6
6,161.70,5.3829,704.0
6,161.80,5.3862,704.2
6,161.90,5.3893,704.5
6,162.00,5.3926,704.7
6,162.10,5.3960,705.0
6,162.20,5.3995,705.3
6,162.30,5.4028,705.5
6,162.40,5.4061,705.8
6,162.50,5.4094,706.1
6,162.60,5.4132,706.4
6,162.70,5.4173,706.8
6,162.80,5.4206,707.0
6,162.90,5.4230,707.1
6,163.00,5.4256,707.2
6,163.10,5.4286,707.4
6,163.20,5.4322,707.8
6,163.30,5.4359,708.1
6,163.40,5.4392,708.3
6,163.50,5.4426,708.6
6,163.60,5.4463,708.9
6,163.70,5.4499,709.2
6,163.80,5.4533,709.5
6,163.90,5.4563,709.7
6,164.00,5.4593,709.8
6,164.10,5.4628,710.1
6,164.20,5.4668,710.5
6,164.30,5.4706,710.8
6,164.40,5.4733,710.9
6,164.50,5.4758,711.0
6,164.60,5.4785,711.2
6,164.70,5.4819,711.4
6,164.80,5.4859,711.8
6,164.90,5.4894,712.1
6,165.00,5.4928,712.3
6,165.10,5.4963,712.6
6,165.20,5.4998,712.9
6,165.30,5.5033,713.1
6,165.40,5.5065,713.3
6,165.50,5.5095,713.5
6,165.60,5.5125,713.7
6,165.70,5.5160,714.0
6,165.80,5.5201,714.3
6,165.90,5.5237,714.6
6,166.00,5.5264,714.7
6,166.10,5.5289,714.9
6,166.20,5.5319,715.0
6,166.30,5.5355,715.4
6,166.40,5.5396,715.7
6,166.50,5.5430,715.9
6,166.60,5.5463,716.2
6,166.70,5.5497,716.4
6,166.80,5.5530,716.7
6,166.90,5.5563,716.9
6,167.00,5.5595,717.1
6,167.10,5.5625,717.3
6,167.20,5.5658,717.5
6,167.30,5.5696,717.8
6,167.40,5.5736,718.2
6,167.50,5.5769,718.4
6,167.60,5.5795,718.5
6,167.70,5.5822,718.6
6,167.80,5.5854,718.9
6,167.90,5.5893,719.2
6,168.00,5.5929,719.5
6,168.10,5.5960,719.7
6,168.20,5.5993,719.9
6,168.30,5.6028,720.2
6,168.40,5.6063,720.4
6,168.50,5.6096,720.6
6,168.60,5.6128,720.8
6,168.70,5.6158,721.0
6,168.80,5.6192,721.3
6,168.90,5.6235,721.6
6,169.00,5.6274,722.0
6,169.10,5.6302,722.1
6,169.20,5.6326,722.1
6,169.30,5.6353,722.3
6,169.40,5.6385,722.5
6,169.50,5.6424,722.8
6,169.60,5.6459,723.1
6,169.70,5.6493,723.4
6,169.80,5.6528,723.6
6,169.90,5.6564,723.9
6,170.00,5.6600,724.1
6,170.10,5.6633,724.4
6,170.20,5.6663,724.5
6,170.30,5.6694,724.7
6,170.40,5.6733,725.0
6,170.50,5.6773,725.3
6,170.60,5.6803,725.5
6,170.70,5.6829,725.5
6,170.80,5.6855,725.6
6,170.90,5.6886,725.8
6,171.00,5.6923,726.1
6,171.10,5.6961,726.4
6,171.20,5.6994,726.7
6,171.30,5.7028,726.9
6,171.40,5.7064,727.1
6,171.50,5.7099,727.3
6,171.60,5.7133,727.6
6,171.70,5.7163,727.7
6,171.80,5.7192,727.8
6,171.90,5.7225,728.0
6,172.00,5.7263,728.3
6,172.10,5.7303,728.7
6,172.20,5.7335,728.8
6,172.30,5.7360,728.9
6,172.40,5.7387,729.0
6,172.50,5.7420,729.2
6,172.60,5.7458,729.4
6,172.70,5.7494,729.7
6,172.80,5.7527,729.8
6,172.90,5.7563,730.1
6,173.00,5.7599,730.3
6,173.10,5.7631,730.5
6,173.20,5.7663,730.6
6,173.30,5.7693,730.8
6,173.40,5.7724,731.0
6,173.50,5.7762,731.2
6,173.60,5.7806,731.6
6,173.70,5.7843,731.8
6,173.80,5.7868,731.9
6,173.90,5.7893,731.9
6,174.00,5.7922,732.0
6,174.10,5.7958,732.3
6,174.20,5.7996,732.5
6,174.30,5.8027,732.7
6,174.40,5.8057,732.8
6,174.50,5.8090,733.0
6,174.60,5.8124,733.2
6,174.70,5.8159,733.4
6,174.80,5.8193,733.6
6,174.90,5.8225,733.8
6,175.00,5.8257,733.9
6,175.10,5.8295,734.2
6,175.20,5.8340,734.5
6,175.30,5.8373,734.7
6,175.40,5.8397,734.7
6,175.50,5.8423,734.7
6,175.60,5.8451,734.9
6,175.70,5.8487,735.1
6,175.80,5.8526,735.3
6,175.90,5.8560,735.5
6,176.00,5.8593,735.7
6,176.10,5.8629,735.9
6,176.20,5.8666,736.1
6,176.30,5.8702,736.3
6,176.40,5.8733,736.5
6,176.50,5.8763,736.5
6,176.60,5.8796,736.7
6,176.70,5.8836,737.0
6,176.80,5.8872,737.2
6,176.90,5.8900,737.3
6,177.00,5.8925,737.3
6,177.10,5.8953,737.4
6,177.20,5.8985,737.5
6,177.30,5.9023,737.8
6,177.40,5.9060,738.0
6,177.50,5.9094,738.2
6,177.60,5.9128,738.4
6,177.70,5.9165,738.6
6,177.80,5.9199,738.8
6,177.90,5.9232,739.0
6,178.00,5.9262,739.1
6,178.10,5.9291,739.2
6,178.20,5.9325,739.4
6,178.30,5.9366,739.6
6,178.40,5.9402,739.8
6,178.50,5.9429,739.9
6,178.60,5.9455,740.0
6,178.70,5.9485,740.0
6,178.80,5.9522,740.3
6,178.90,5.9563,740.6
6,179.00,5.9597,740.7
6,179.10,5.9630,740.9
6,179.20,5.9664,741.0
6,179.30,5.9698,741.1
6,179.40,5.9731,741.3
6,179.50,5.9763,741.4
6,179.60,5.9794,741.5
6,179.70,5.9827,741.7
6,179.80,5.9867,741.9
6,179.90,5.9909,742.2
6,180.00,5.9939,742.2
6,180.10,5.9964,742.2
6,180.20,5.9991,742.2
6,180.30,6.0023,742.3
6,180.40,6.0061,742.5
6,180.50,6.0095,742.7
6,180.60,6.0125,742.8
6,180.70,6.0158,742.9
6,180.80,6.0192,743.1
6,180.90,6.0227,743.2
6,181.00,6.0261,743.4
6,181.10,6.0293,743.5
6,181.20,6.0325,743.6
6,181.30,6.0359,743.8
6,181.40,6.0401,744.0
6,181.50,6.0441,744.3
6,181.60,6.0469,744.3
6,181.70,6.0494,744.2
6,181.80,6.0520,744.3
6,181.90,6.0553,744.4
6,182.00,6.0592,744.6
6,182.10,6.0627,744.8
6,182.20,6.0661,744.9
6,182.30,6.0696,745.1
6,182.40,6.0731,745.2
6,182.50,6.0765,745.4
6,182.60,6.0798,745.5
6,182.70,6.0828,745.6
6,182.80,6.0861,745.7
6,182.90,6.0899,745.9
6,183.00,6.0940,746.1
6,183.10,6.0971,746.2
6,183.20,6.0995,746.2
6,183.30,6.1021,746.2
6,183.40,6.1051,746.3
6,183.50,6.1089,746.5
6,183.60,6.1126,746.6
6,183.70,6.1159,746.8
6,183.80,6.1194,746.9
6,183.90,6.1230,747.0
6,184.00,6.1264,747.1
6,184.10,6.1298,747.2
6,184.20,6.1330,747.3
6,184.30,6.1359,747.4
6,184.40,6.1390,747.5
6,184.50,6.1429,747.6
6,184.60,6.1469,747.9
6,184.70,6.1501,748.0
6,184.80,6.1527,748.0
6,184.90,6.1555,748.0
6,185.00,6.1587,748.1
6,185.10,6.1628,748.3
6,185.20,6.1664,748.4
6,185.30,6.1697,748.5
6,185.40,6.1730,748.6
6,185.50,6.1765,748.8
6,185.60,6.1798,748.9
6,185.70,6.1831,749.0
6,185.80,6.1862,749.0
6,185.90,6.1893,749.1
6,186.00,6.1928,749.3
6,186.10,6.1969,749.5
6,186.20,6.2006,749.6
6,186.30,6.2033,749.6
6,186.40,6.2058,749.6
6,186.50,6.2086,749.6
6,186.60,6.2120,749.7
6,186.70,6.2158,749.9
6,186.80,6.2191,750.0
6,186.90,6.2224,750.1
6,187.00,6.2259,750.2
6,187.10,6.2294,750.3
6,187.20,6.2327,750.4
6,187.30,6.2360,750.5
6,187.40,6.2392,750.6
6,187.50,6.2425,750.7
6,187.60,6.2463,750.8
6,187.70,6.2505,751.1
6,187.80,6.2538,751.1
6,187.90,6.2564,751.1
6,188.00,6.2590,751.1
6,188.10,6.2619,751.1
6,188.20,6.2657,751.3
6,188.30,6.2695,751.5
6,188.40,6.2728,751.6
6,188.50,6.2762,751.7
6,188.60,6.2798,751.8
6,188.70,6.2834,751.9
6,188.80,6.2869,752.0
6,188.90,6.2899,752.0
6,189.00,6.2929,752.0
6,189.10,6.2962,752.1
6,189.20,6.3002,752.3
6,189.30,6.3038,752.4
6,189.40,6.3065,752.4
6,189.50,6.3090,752.4
6,189.60,6.3118,752.3
6,189.70,6.3151,752.4
6,189.80,6.3190,752.6
6,189.90,6.3228,752.8
6,190.00,6.3261,752.8
6,190.10,6.3296,752.9
6,190.20,6.3330,753.0
6,190.30,6.3363,753.1
6,190.40,6.3397,753.2
6,190.50,6.3427,753.2
6,190.60,6.3457,753.3
6,190.70,6.3492,753.3
6,190.80,6.3533,753.6
6,190.90,6.3569,753.7
6,191.00,6.3597,753.7
6,191.10,6.3624,753.6
6,191.20,6.3654,753.7
6,191.30,6.3693,753.9
6,191.40,6.3731,754.0
6,191.50,6.3764,754.1
6,191.60,6.3797,754.1
6,191.70,6.3832,754.2
6,191.80,6.3866,754.3
6,191.90,6.3899,754.4
6,192.00,6.3929,754.4
6,192.10,6.3958,754.4
6,192.20,6.3991,754.5
6,192.30,6.4029,754.6
6,192.40,6.4071,754.8
6,192.50,6.4102,754.8
6,192.60,6.4128,754.8
6,192.70,6.4155,754.7
6,192.80,6.4187,754.8
6,192.90,6.4225,754.9
6,193.00,6.4259,755.0
6,193.10,6.4290,755.0
6,193.20,6.4324,755.1
6,193.30,6.4359,755.2
6,193.40,6.4395,755.3
6,193.50,6.4430,755.4
6,193.60,6.4462,755.5
6,193.70,6.4494,755.5
6,193.80,6.4529,755.6
6,193.90,6.4570,755.7
6,194.00,6.4607,755.8
6,194.10,6.4634,755.8
6,194.20,6.4659,755.7
6,194.30,6.4687,755.6
6,194.40,6.4719,755.7
6,194.50,6.4759,755.8
6,194.60,6.4795,755.9
6,194.70,6.4828,756.0
6,194.80,6.4862,756.0
6,194.90,6.4899,756.1
6,195.00,6.4934,756.2
6,195.10,6.4966,756.2
6,195.20,6.4997,756.2
6,195.30,6.5029,756.2
6,195.40,6.5065,756.3
6,195.50,6.5104,756.4
6,195.60,6.5134,756.3
6,195.70,6.5161,756.2
6,195.80,6.5187,756.2
6,195.90,6.5217,756.2
6,196.00,6.5253,756.3
6,196.10,6.5290,756.4
6,196.20,6.5325,756.4
6,196.30,6.5359,756.5
6,196.40,6.5395,756.6
6,196.50,6.5431,756.7
6,196.60,6.5465,756.7
6,196.70,6.5496,756.7
6,196.80,6.5526,756.7
6,196.90,6.5557,756.7
6,197.00,6.5597,756.9
6,197.10,6.5639,757.1
6,197.20,6.5669,757.1
6,197.30,6.5694,756.9
6,197.40,6.5721,756.9
6,197.50,6.5754,756.9
6,197.60,6.5794,757.1
6,197.70,6.5831,757.2
6,197.80,6.5864,757.2
6,197.90,6.5898,757.3
6,198.00,6.5932,757.3
6,198.10,6.5966,757.4
6,198.20,6.5998,757.4
6,198.30,6.6027,757.4
6,198.40,6.6058,757.4
6,198.50,6.6092,757.5
6,198.60,6.6134,757.6
6,198.70,6.6173,757.8
6,198.80,6.6201,757.7
6,198.90,6.6226,757.6
6,199.00,6.6254,757.6
6,199.10,6.6290,757.7
6,199.20,6.6327,757.8
6,199.30,6.6359,757.8
6,199.40,6.6391,757.8
6,199.50,6.6426,757.9
6,199.60,6.6461,757.9
6,199.70,6.6495,758.0
6,199.80,6.6527,758.0
6,199.90,6.6558,758.0
6,200.00,6.6592,758.0
6,200.10,6.6633,758.2
6,200.20,6.6679,758.4
6,200.30,6.6709,758.3
6,200.40,6.6732,758.2
6,200.50,6.6756,758.0
6,200.60,6.6786,758.0
6,200.70,6.6823,758.1
6,200.80,6.6861,758.2
6,200.90,6.6894,758.2
6,201.00,6.6927,758.3
6,201.10,6.6963,758.3
6,201.20,6.6999,758.4
6,201.30,6.7034,758.4
6,201.40,6.7065,758.4
6,201.50,6.7094,758.4
6,201.60,6.7128,758.4
6,201.70,6.7167,758.5
6,201.80,6.7203,758.6
6,201.90,6.7231,758.5
6,202.00,6.7256,758.4
6,202.10,6.7284,758.4
6,202.20,6.7317,758.4
6,202.30,6.7357,758.5
6,202.40,6.7394,758.6
6,202.50,6.7427,758.6
6,202.60,6.7462,758.7
6,202.70,6.7497,758.7
6,202.80,6.7531,758.7
6,202.90,6.7564,758.7
6,203.00,6.7594,758.7
6,203.10,6.7624,758.7
6,203.20,6.7659,758.7
6,203.30,6.7702,758.9
6,203.40,6.7739,758.9
6,203.50,6.7765,758.8
6,203.60,6.7791,758.7
6,203.70,6.7820,758.7
6,203.80,6.7858,758.8
6,203.90,6.7898,758.9
6,204.00,6.7931,758.9
6,204.10,6.7963,758.9
6,204.20,6.7996,758.9
6,204.30,6.8028,758.8
6,204.40,6.8062,758.8
6,204.50,6.8094,758.9
6,204.60,6.8125,758.8
6,204.70,6.8158,758.8
6,204.80,6.8196,758.9
6,204.86,6.8221,759.0
6,204.90,6.8238,759.0
6,205.00,6.8270,759.0
6,205.10,6.8296,758.9
6,205.20,6.8322,758.8
6,205.30,6.8354,758.7
6,205.40,6.8391,758.8
6,205.50,6.8426,758.8
6,205.60,6.8457,758.8
6,205.70,6.8491,758.8
6,205.80,6.8526,758.8
6,205.90,6.8561,758.8
6,206.00,6.8595,758.9
6,206.10,6.8627,758.8
6,206.20,6.8659,758.8
6,206.30,6.8695,758.8
6,206.40,6.8738,758.9
6,206.50,6.8776,759.0
6,206.60,6.8802,758.8
6,206.70,6.8826,758.7
6,206.80,6.8853,758.5
6,206.90,6.8887,758.5
6,207.00,6.8925,758.6
6,207.10,6.8960,758.6
6,207.20,6.8994,758.6
6,207.30,6.9029,758.7
6,207.40,6.9066,758.7
6,207.50,6.9101,758.6
6,207.60,6.9134,758.6
6,207.70,6.9164,758.6
6,207.80,6.9196,758.5
6,207.90,6.9232,758.5
6,208.00,6.9270,758.6
6,208.10,6.9300,758.5
6,208.20,6.9327,758.4
6,208.30,6.9353,758.2
6,208.40,6.9383,758.2
6,208.50,6.9420,758.3
6,208.60,6.9459,758.3
6,208.70,6.9494,758.3
6,208.80,6.9529,758.3
6,208.90,6.9565,758.3
6,209.00,6.9599,758.3
6,209.10,6.9633,758.3
6,209.20,6.9663,758.2
6,209.30,6.9692,758.1
6,209.40,6.9725,758.1
6,209.50,6.9764,758.2
6,209.60,6.9805,758.3
6,209.70,6.9835,758.2
6,209.80,6.9861,758.1
6,209.90,6.9889,758.0
6,210.00,6.9922,758.0
6,210.10,6.9961,758.1
6,210.20,6.9998,758.1
6,210.30,7.0031,758.1
6,210.40,7.0065,758.0
6,210.50,7.0098,758.0
6,210.60,7.0131,758.0
6,210.70,7.0164,758.0
6,210.80,7.0193,757.9
6,210.90,7.0223,757.8
6,211.00,7.0258,757.8
6,211.10,7.0299,757.9
6,211.20,7.0337,758.0
6,211.30,7.0366,757.9
6,211.40,7.0392,757.7
6,211.50,7.0421,757.6
6,211.60,7.0456,757.6
6,211.70,7.0493,757.7
6,211.80,7.0524,757.6
6,211.90,7.0557,757.6
6,212.00,7.0592,757.6
6,212.10,7.0628,757.6
6,212.20,7.0663,757.6
6,212.30,7.0696,757.5
6,212.40,7.0728,757.5
6,212.50,7.0762,757.5
6,212.60,7.0801,757.5
6,212.70,7.0844,757.6
6,212.80,7.0874,757.5
6,212.90,7.0897,757.3
6,213.00,7.0922,757.2
6,213.10,7.0952,757.0
6,213.20,7.0989,757.1
6,213.30,7.1028,757.1
6,213.40,7.1060,757.1
6,213.50,7.1093,757.0
6,213.60,7.1129,757.0
6,213.70,7.1165,757.0
6,213.80,7.1200,757.0
6,213.90,7.1232,756.9
6,214.00,7.1262,756.8
6,214.10,7.1295,756.8
6,214.20,7.1331,756.8
6,214.30,7.1367,756.7
6,214.40,7.1396,756.6
6,214.50,7.1422,756.5
6,214.60,7.1451,756.4
6,214.70,7.1484,756.3
6,214.80,7.1523,756.4
6,214.90,7.1561,756.4
6,215.00,7.1596,756.4
6,215.10,7.1632,756.4
6,215.20,7.1667,756.3
6,215.30,7.1699,756.2
6,215.40,7.1730,756.2
6,215.50,7.1759,756.0
6,215.60,7.1789,755.9
6,215.70,7.1825,755.9
6,215.80,7.1868,756.0
6,215.90,7.1906,756.0
6,216.00,7.1933,755.9
6,216.10,7.1959,755.7
6,216.20,7.1989,755.6
6,216.30,7.2026,755.6
6,216.40,7.2064,755.6
6,216.50,7.2097,755.5
6,216.60,7.2130,755.5
6,216.70,7.2163,755.4
6,216.80,7.2197,755.3
6,216.90,7.2231,755.3
6,217.00,7.2263,755.2
6,217.10,7.2293,755.1
6,217.20,7.2326,755.0
6,217.30,7.2365,755.0
6,217.40,7.2406,755.1
6,217.50,7.2436,754.9
6,217.60,7.2461,754.7
6,217.70,7.2487,754.5
6,217.80,7.2517,754.4
6,217.90,7.2555,754.4
6,218.00,7.2590,754.3
6,218.10,7.2622,754.2
6,218.20,7.2656,754.1
6,218.30,7.2692,754.1
6,218.40,7.2730,754.1
6,218.50,7.2766,754.0
6,218.60,7.2799,753.9
6,218.70,7.2831,753.8
6,218.80,7.2865,753.7
6,218.90,7.2906,753.8
6,219.00,7.2942,753.7
6,219.10,7.2968,753.5
6,219.20,7.2992,753.2
6,219.30,7.3018,753.0
6,219.40,7.3051,752.9
6,219.50,7.3090,752.9
6,219.60,7.3126,752.9
6,219.70,7.3160,752.8
6,219.80,7.3196,752.7
6,219.90,7.3231,752.6
6,220.00,7.3266,752.5
6,220.10,7.3299,752.4
6,220.20,7.3329,752.3
6,220.30,7.3361,752.1
6,220.40,7.3398,752.1
6,220.50,7.3436,752.0
6,220.60,7.3468,751.9
6,220.70,7.3494,751.6
6,220.80,7.3521,751.4
6,220.90,7.3551,751.3
6,221.00,7.3589,751.2
6,221.10,7.3626,751.2
6,221.20,7.3660,751.1
6,221.30,7.3695,751.0
6,221.40,7.3731,750.9
6,221.50,7.3768,750.8
6,221.60,7.3802,750.7
6,221.70,7.3830,750.5
6,221.80,7.3858,750.2
6,221.90,7.3891,750.1
6,222.00,7.3931,750.1
6,222.10,7.3972,750.1
6,222.20,7.4002,749.8
6,222.30,7.4027,749.6
6,222.40,7.4054,749.3
6,222.50,7.4087,749.2
6,222.60,7.4126,749.1
6,222.70,7.4164,749.0
6,222.80,7.4197,748.8
6,222.90,7.4230,748.7
6,223.00,7.4262,748.5
6,223.10,7.4295,748.3
6,223.20,7.4328,748.1
6,223.30,7.4360,747.9
6,223.40,7.4391,747.7
6,223.50,7.4425,747.6
6,223.60,7.4466,747.5
6,223.70,7.4504,747.4
6,223.80,7.4532,747.1
6,223.90,7.4559,746.8
6,224.00,7.4588,746.5
6,224.10,7.4623,746.4
6,224.20,7.4661,746.2
6,224.30,7.4693,746.0
6,224.40,7.4726,745.8
6,224.50,7.4761,745.6
6,224.60,7.4795,745.4
6,224.70,7.4829,745.2
6,224.80,7.4863,745.0
6,224.90,7.4894,744.8
6,225.00,7.4927,744.5
6,225.10,7.4965,744.4
6,225.20,7.5008,744.3
6,225.30,7.5040,744.0
6,225.40,7.5064,743.6
6,225.50,7.5089,743.2
6,225.60,7.5119,742.9
6,225.70,7.5154,742.7
6,225.80,7.5192,742.5
6,225.90,7.5225,742.3
6,226.00,7.5260,742.0
6,226.10,7.5296,741.7
6,226.20,7.5332,741.5
6,226.30,7.5366,741.2
6,226.40,7.5397,740.8
6,226.50,7.5427,740.5
6,226.60,7.5462,740.2
6,226.70,7.5502,740.0
6,226.80,7.5538,739.7
6,226.90,7.5566,739.2
6,227.00,7.5591,738.7
6,227.10,7.5619,738.3
6,227.20,7.5653,737.9
6,227.30,7.5693,737.7
6,227.40,7.5729,737.3
6,227.50,7.5762,736.9
6,227.60,7.5798,736.4
6,227.70,7.5835,736.0
6,227.80,7.5869,735.6
6,227.90,7.5900,735.1
6,228.00,7.5928,734.5
6,228.10,7.5958,733.9
6,228.20,7.5993,733.4
6,228.30,7.6033,733.0
6,228.40,7.6069,732.5
6,228.50,7.6096,731.8
6,228.60,7.6123,731.1
6,228.70,7.6153,730.4
6,228.80,7.6189,729.8
6,228.90,7.6230,729.3
6,229.00,7.6264,728.5
6,229.10,7.6296,727.8
6,229.20,7.6330,727.1
6,229.30,7.6363,726.3
6,229.40,7.6396,725.5
6,229.50,7.6429,724.6
6,229.60,7.6459,723.6
6,229.70,7.6491,722.7
6,229.80,7.6529,721.8
6,229.90,7.6572,720.8
6,230.00,7.6604,719.7
6,230.10,7.6630,718.3
6,230.20,7.6657,716.9
6,230.30,7.6688,715.5
6,230.40,7.6727,714.1
6,230.50,7.6762,712.5
6,230.60,7.6794,710.8
6,230.70,7.6827,709.0
6,230.80,7.6863,707.1
6,230.90,7.6897,705.0
6,231.00,7.6933,702.7
6,231.10,7.6965,700.2
6,231.20,7.6995,697.5
6,231.30,7.7029,694.5
6,231.40,7.7069,691.3
6,231.50,7.7108,687.9
6,231.60,7.7136,684.0
6,231.70,7.7161,679.7
6,231.80,7.7188,674.9
6,231.90,7.7220,669.4
6,232.00,7.7258,663.0
6,232.10,7.7293,655.2
6,232.20,7.7327,645.2
6,232.30,7.7364,631.4
6,232.40,7.7403,607.8
6,232.48,7.7435,548.7
6,232.49,7.7441,460.2
6,232.49,7.7448,382.9
6,232.50,7.7458,303.0
6,232.50,7.7472,227.9
6,232.51,7.7482,186.8
9,0.00,0.0000,0.1
9,0.10,0.0002,0.1
9,0.20,0.0006,0.1
9,0.30,0.0013,0.1
9,0.40,0.0026,0.1
9,0.50,0.0049,0.2
9,0.60,0.0067,0.2
9,0.70,0.0087,0.3
9,0.80,0.0118,0.3
9,0.90,0.0162,0.5
9,1.00,0.0209,0.6
9,1.10,0.0242,0.7
9,1.20,0.0272,0.8
9,1.30,0.0305,0.9
9,1.40,0.0344,1.1
9,1.50,0.0378,1.2
9,1.60,0.0410,1.3
9,1.70,0.0446,1.5
9,1.80,0.0484,1.6
9,1.90,0.0518,1.8
9,2.00,0.0548,2.0
9,2.10,0.0577,2.2
9,2.20,0.0609,2.4
9,2.30,0.0645,2.6
9,2.40,0.0687,2.8
9,2.50,0.0722,3.0
9,2.60,0.0750,3.2
9,2.70,0.0777,3.4
9,2.80,0.0807,3.6
9,2.90,0.0845,3.8
9,3.00,0.0883,4.1
9,3.10,0.0916,4.3
9,3.20,0.0948,4.5
9,3.30,0.0984,4.7
9,3.40,0.1020,4.9
9,3.50,0.1054,5.2
9,3.60,0.1083,5.3
9,3.70,0.1113,5.5
9,3.80,0.1147,5.7
9,3.90,0.1186,6.0
9,4.00,0.1223,6.2
9,4.10,0.1255,6.4
9,4.20,0.1281,6.6
9,4.30,0.1308,6.8
9,4.40,0.1339,7.0
9,4.50,0.1375,7.2
9,4.60,0.1410,7.4
9,4.70,0.1442,7.6
9,4.80,0.1477,7.9
9,4.90,0.1515,8.1
9,5.00,0.1553,8.3
9,5.10,0.1587,8.6
9,5.20,0.1615,8.7
9,5.30,0.1644,8.9
9,5.40,0.1677,9.1
9,5.50,0.1714,9.4
9,5.60,0.1751,9.6
9,5.70,0.1780,9.8
9,5.80,0.1807,9.9
9,5.90,0.1837,10.1
9,6.00,0.1873,10.4
9,6.10,0.1914,10.6
9,6.20,0.1949,10.9
9,6.30,0.1981,11.0
9,6.40,0.2016,11.3
9,6.50,0.2053,11.5
9,6.60,0.2087,11.7
9,6.70,0.2117,11.9
9,6.80,0.2146,12.1
9,6.90,0.2176,12.3
9,7.00,0.2212,12.5
9,7.10,0.2250,12.8
9,7.20,0.2286,13.0
9,7.30,0.2315,13.2
9,7.40,0.2342,13.4
9,7.50,0.2373,13.6
9,7.60,0.2412,13.8
9,7.70,0.2449,14.1
9,7.80,0.2481,14.3
9,7.90,0.2515,14.5
9,8.00,0.2552,14.8
9,8.10,0.2587,15.0
9,8.20,0.2618,15.2
9,8.30,0.2648,15.4
9,8.40,0.2677,15.6
9,8.50,0.2710,15.8
9,8.60,0.2748,16.1
9,8.70,0.2788,16.4
9,8.80,0.2820,16.6
9,8.90,0.2847,16.8
9,9.00,0.2875,17.0
9,9.10,0.2909,17.2
9,9.20,0.2949,17.5
9,9.30,0.2983,17.7
9,9.40,0.3014,17.9
9,9.50,0.3047,18.2
9,9.60,0.3085,18.4
9,9.70,0.3121,18.7
9,9.80,0.3151,18.9
9,9.90,0.3180,19.1
9,10.00,0.3212,19.3
9,10.10,0.3248,19.6
9,10.20,0.3286,19.8
9,10.30,0.3321,20.1
9,10.40,0.3351,20.3
9,10.50,0.3379,20.5
9,10.60,0.3408,20.7
9,10.70,0.3442,20.9
9,10.80,0.3479,21.2
9,10.90,0.3513,21.4
9,11.00,0.3546,21.7
9,11.10,0.3583,21.9
9,11.20,0.3620,22.2
9,11.30,0.3655,22.5
9,11.40,0.3685,22.7
9,11.50,0.3714,22.9
9,11.60,0.3746,23.1
9,11.70,0.3784,23.4
9,11.80,0.3824,23.7
9,11.90,0.3854,23.9
9,12.00,0.3880,24.0
9,12.10,0.3907,24.2
9,12.20,0.3938,24.5
9,12.30,0.3975,24.8
9,12.40,0.4014,25.0
9,12.50,0.4049,25.3
9,12.60,0.4085,25.5
9,12.70,0.4122,25.8
9,12.80,0.4155,26.0
9,12.90,0.4186,26.2
9,13.00,0.4214,26.5
9,13.10,0.4243,26.7
9,13.20,0.4276,26.9
9,13.30,0.4315,27.2
9,13.40,0.4352,27.5
9,13.50,0.4384,27.7
9,13.60,0.4412,27.9
9,13.70,0.4440,28.1
9,13.80,0.4474,28.3
9,13.90,0.4514,28.6
9,14.00,0.4549,28.9
9,14.10,0.4581,29.1
9,14.20,0.4616,29.3
9,14.30,0.4652,29.6
9,14.40,0.4687,29.9
9,14.50,0.4718,30.1
9,14.60,0.4746,30.3
9,14.70,0.4777,30.5
9,14.80,0.4812,30.8
9,14.90,0.4851,31.1
9,15.00,0.4888,31.3
9,15.10,0.4918,31.5
9,15.20,0.4945,31.7
9,15.30,0.4975,32.0
9,15.40,0.5011,32.2
9,15.50,0.5049,32.5
9,15.60,0.5080,32.7
9,15.70,0.5113,32.9
9,15.80,0.5148,33.2
9,15.90,0.5184,33.5
9,16.00,0.5218,33.7
9,16.10,0.5247,33.9
9,16.20,0.5277,34.1
9,16.30,0.5311,34.4
9,16.40,0.5349,34.7
9,16.50,0.5387,34.9
9,16.60,0.5420,35.2
9,16.70,0.5447,35.4
9,16.80,0.5475,35.6
9,16.90,0.5505,35.8
9,17.00,0.5543,36.1
9,17.10,0.5579,36.3
9,17.20,0.5613,36.6
9,17.30,0.5649,36.8
9,17.40,0.5687,37.1
9,17.50,0.5724,37.4
9,17.60,0.5756,37.6
9,17.70,0.5785,37.8
9,17.80,0.5814,38.0
9,17.90,0.5848,38.3
9,18.00,0.5886,38.6
9,18.10,0.5922,38.8
9,18.20,0.5949,39.0
9,18.30,0.5975,39.2
9,18.40,0.6004,39.4
9,18.50,0.6039,39.7
9,18.60,0.6079,40.0
9,18.70,0.6114,40.2
9,18.80,0.6147,40.4
9,18.90,0.6182,40.7
9,19.00,0.6219,41.0
9,19.10,0.6253,41.2
9,19.20,0.6284,41.4
9,19.30,0.6313,41.6
9,19.40,0.6344,41.9
9,19.50,0.6378,42.1
9,19.60,0.6416,42.4
9,19.70,0.6452,42.7
9,19.80,0.6482,42.9
9,19.90,0.6510,43.1
9,20.00,0.6543,43.3
9,20.10,0.6581,43.6
9,20.20,0.6617,43.9
9,20.30,0.6648,44.1
9,20.40,0.6682,44.3
9,20.50,0.6720,44.6
9,20.60,0.6756,44.8
9,20.70,0.6787,45.1
9,20.80,0.6816,45.3
9,20.90,0.6845,45.5
9,21.00,0.6878,45.7
9,21.10,0.6916,46.0
9,21.20,0.6956,46.3
9,21.30,0.6987,46.5
9,21.40,0.7013,46.7
9,21.50,0.7041,46.9
9,21.60,0.7074,47.1
9,21.70,0.7114,47.5
9,21.80,0.7150,47.7
9,21.90,0.7182,47.9
9,22.00,0.7216,48.2
9,22.10,0.7251,48.4
9,22.20,0.7287,48.7
9,22.30,0.7318,48.9
9,22.40,0.7347,49.1
9,22.50,0.7377,49.4
9,22.60,0.7413,49.6
9,22.70,0.7452,49.9
9,22.80,0.7487,50.2
9,22.90,0.7518,50.4
9,23.00,0.7545,50.6
9,23.10,0.7574,50.8
9,23.20,0.7609,51.0
9,23.30,0.7646,51.3
9,23.40,0.7678,51.6
9,23.50,0.7712,51.8
9,23.60,0.7748,52.1
9,23.70,0.7786,52.3
9,23.80,0.7820,52.6
9,23.90,0.7851,52.8
9,24.00,0.7880,53.0
9,24.10,0.7911,53.2
9,24.20,0.7948,53.5
9,24.30,0.7988,53.8
9,24.40,0.8021,54.0
9,24.50,0.8047,54.2
9,24.60,0.8074,54.4
9,24.70,0.8105,54.6
9,24.80,0.8141,54.9
9,24.90,0.8179,55.2
9,25.00,0.8212,55.4
9,25.10,0.8247,55.6
9,25.20,0.8285,56.0
9,25.30,0.8321,56.2
9,25.40,0.8353,56.4
9,25.50,0.8381,56.6
9,25.60,0.8412,56.8
9,25.70,0.8446,57.1
9,25.80,0.8482,57.4
9,25.90,0.8519,57.6
9,26.00,0.8551,57.9
9,26.10,0.8578,58.0
9,26.20,0.8606,58.2
9,26.30,0.8640,58.5
9,26.40,0.8681,58.8
9,26.50,0.8715,59.1
9,26.60,0.8748,59.3
9,26.70,0.8784,59.5
9,26.80,0.8821,59.8
9,26.90,0.8855,60.0
9,27.00,0.8885,60.3
9,27.10,0.8913,60.4
9,27.20,0.8944,60.7
9,27.30,0.8980,60.9
9,27.40,0.9020,61.3
9,27.50,0.9056,61.5
9,27.60,0.9083,61.7
9,27.70,0.9110,61.9
9,27.80,0.9139,62.1
9,27.90,0.9176,62.4
9,28.00,0.9215,62.7
9,28.10,0.9247,62.9
9,28.20,0.9279,63.1
9,28.30,0.9314,63.4
9,28.40,0.9352,63.7
9,28.50,0.9386,63.9
9,28.60,0.9416,64.1
9,28.70,0.9446,64.3
9,28.80,0.9479,64.5
9,28.90,0.9518,64.9
9,29.00,0.9557,65.1
9,29.10,0.9589,65.4
9,29.20,0.9616,65.5
9,29.30,0.9643,65.7
9,29.40,0.9675,65.9
9,29.50,0.9711,66.2
9,29.60,0.9746,66.5
9,29.70,0.9778,66.7
9,29.80,0.9813,67.0
9,29.90,0.9851,67.2
9,30.00,0.9886,67.5
9,30.10,0.9920,67.7
9,30.20,0.9950,67.9
9,30.30,0.9979,68.1
9,30.40,1.0013,68.4
9,30.50,1.0052,68.7
9,30.60,1.0089,69.0
9,30.70,1.0117,69.1
9,30.80,1.0142,69.3
9,30.90,1.0171,69.5
9,31.00,1.0205,69.8
9,31.10,1.0244,70.1
9,31.20,1.0279,70.3
9,31.30,1.0314,70.6
9,31.40,1.0351,70.8
9,31.50,1.0389,71.1
9,31.60,1.0421,71.3
9,31.70,1.0451,71.5
9,31.80,1.0479,71.7
9,31.90,1.0511,71.9
9,32.00,1.0546,72.2
9,32.10,1.0583,72.5
9,32.20,1.0619,72.8
9,32.30,1.0648,72.9
9,32.40,1.0676,73.2
9,32.50,1.0707,73.4
9,32.60,1.0746,73.7
9,32.70,1.0784,74.0
9,32.80,1.0817,74.2
9,32.90,1.0850,74.4
9,33.00,1.0886,74.7
9,33.10,1.0920,74.9
9,33.20,1.0951,75.1
9,33.30,1.0980,75.3
9,33.40,1.1010,75.5
9,33.50,1.1043,75.8
9,33.60,1.1079,76.1
9,33.70,1.1118,76.3
9,33.80,1.1151,76.6
9,33.90,1.1179,76.8
9,34.00,1.1207,76.9
9,34.10,1.1240,77.2
9,34.20,1.1278,77.5
9,34.30,1.1314,77.8
9,34.40,1.1345,77.9
9,34.50,1.1378,78.2
9,34.60,1.1415,78.5
9,34.70,1.1452,78.7
9,34.80,1.1484,79.0
9,34.90,1.1513,79.1
9,35.00,1.1544,79.4
9,35.10,1.1580,79.6
9,35.20,1.1621,79.9
9,35.30,1.1657,80.2
9,35.40,1.1686,80.4
9,35.50,1.1713,80.6
9,35.60,1.1742,80.8
9,35.70,1.1776,81.0
9,35.80,1.1813,81.3
9,35.90,1.1847,81.6
9,36.00,1.1881,81.8
9,36.10,1.1917,82.1
9,36.20,1.1955,82.4
9,36.30,1.1990,82.6
9,36.40,1.2019,82.8
9,36.50,1.2047,83.0
9,36.60,1.2079,83.2
9,36.70,1.2116,83.5
9,36.80,1.2155,83.8
9,36.90,1.2187,84.0
9,37.00,1.2213,84.2
9,37.10,1.2241,84.4
9,37.20,1.2271,84.6
9,37.30,1.2309,84.9
9,37.40,1.2347,85.2
9,37.50,1.2380,85.4
9,37.60,1.2414,85.6
9,37.70,1.2450,85.9
9,37.80,1.2487,86.1
9,37.90,1.2519,86.4
9,38.00,1.2549,86.6
9,38.10,1.2579,86.8
9,38.20,1.2611,87.0
9,38.30,1.2648,87.3
9,38.40,1.2686,87.6
9,38.50,1.2719,87.8
9,38.60,1.2747,88.0
9,38.70,1.2776,88.2
9,38.80,1.2810,88.4
9,38.90,1.2849,88.7
9,39.00,1.2882,89.0
9,39.10,1.2915,89.2
9,39.20,1.2951,89.5
9,39.30,1.2987,89.8
9,39.40,1.3019,89.9
9,39.50,1.3048,90.1
9,39.60,1.3077,90.3
9,39.70,1.3108,90.6
9,39.80,1.3145,90.8
9,39.90,1.3188,91.2
9,40.00,1.3223,91.4
9,40.10,1.3249,91.6
9,40.20,1.3275,91.7
9,40.30,1.3305,92.0
9,40.40,1.3343,92.2
9,40.50,1.3383,92.6
9,40.60,1.3415,92.8
9,40.70,1.3447,93.0
9,40.80,1.3482,93.2
9,40.90,1.3519,93.5
9,41.00,1.3553,93.8
9,41.10,1.3583,94.0
9,41.20,1.3612,94.2
9,41.30,1.3646,94.4
9,41.40,1.3686,94.7
9,41.50,1.3724,95.0
9,41.60,1.3755,95.2
9,41.70,1.3782,95.4
9,41.80,1.3809,95.6
9,41.90,1.3841,95.8
9,42.00,1.3877,96.1
9,42.10,1.3913,96.4
9,42.20,1.3947,96.6
9,42.30,1.3983,96.9
9,42.40,1.4020,97.1
9,42.50,1.4056,97.4
9,42.60,1.4087,97.6
9,42.70,1.4115,97.8
9,42.80,1.4145,98.0
9,42.90,1.4179,98.2
9,43.00,1.4217,98.5
9,43.10,1.4253,98.8
9,43.20,1.4281,99.0
9,43.30,1.4307,99.1
9,43.40,1.4336,99.3
9,43.50,1.4369,99.6
9,43.60,1.4408,99.9
9,43.70,1.4444,100.2
9,43.80,1.4479,100.4
9,43.90,1.4515,100.7
9,44.00,1.4551,100.9
9,44.10,1.4586,101.2
9,44.20,1.4616,101.4
9,44.30,1.4645,101.5
9,44.40,1.4676,101.8
9,44.50,1.4711,102.0
9,44.60,1.4751,102.3
9,44.70,1.4788,102.6
9,44.80,1.4818,102.8
9,44.90,1.4845,103.0
9,45.00,1.4876,103.2
9,45.10,1.4914,103.5
9,45.20,1.4952,103.8
9,45.30,1.4985,104.0
9,45.40,1.5018,104.2
9,45.50,1.5053,104.5
9,45.60,1.5087,104.7
9,45.70,1.5118,104.9
9,45.80,1.5148,105.1
9,45.90,1.5177,105.3
9,46.00,1.5210,105.6
9,46.10,1.5248,105.9
9,46.20,1.5288,106.2
9,46.30,1.5320,106.3
9,46.40,1.5346,106.5
9,46.50,1.5374,106.7
9,46.60,1.5407,107.0
9,46.70,1.5447,107.3
9,46.80,1.5482,107.5
9,46.90,1.5513,107.7
9,47.00,1.5547,108.0
9,47.10,1.5584,108.3
9,47.20,1.5620,108.5
9,47.30,1.5652,108.7
9,47.40,1.5682,108.9
9,47.50,1.5713,109.1
9,47.60,1.5750,109.4
9,47.70,1.5789,109.7
9,47.80,1.5824,109.9
9,47.90,1.5853,110.1
9,48.00,1.5879,110.3
9,48.10,1.5908,110.5
9,48.20,1.5941,110.7
9,48.30,1.5978,111.0
9,48.40,1.6012,111.3
9,48.50,1.6045,111.5
9,48.60,1.6082,111.8
9,48.70,1.6119,112.0
9,48.80,1.6153,112.3
9,48.90,1.6183,112.5
9,49.00,1.6212,112.7
9,49.10,1.6244,112.9
9,49.20,1.6282,113.2
9,49.30,1.6321,113.4
9,49.40,1.6352,113.7
9,49.50,1.6378,113.8
9,49.60,1.6406,114.0
9,49.70,1.6438,114.2
9,49.80,1.6477,114.5
9,49.90,1.6516,114.8
9,50.00,1.6549,115.0
9,50.10,1.6584,115.3
9,50.20,1.6621,115.6
9,50.30,1.6657,115.8
9,50.40,1.6688,116.0
9,50.50,1.6717,116.2
9,50.60,1.6746,116.4
9,50.70,1.6778,116.6
9,50.80,1.6816,116.9
9,50.90,1.6855,117.2
9,51.00,1.6886,117.4
9,51.10,1.6914,117.6
9,51.20,1.6943,117.8
9,51.30,1.6977,118.0
9,51.40,1.7014,118.3
9,51.50,1.7046,118.5
9,51.60,1.7079,118.8
9,51.70,1.7115,119.0
9,51.80,1.7152,119.3
9,51.90,1.7186,119.5
9,52.00,1.7215,119.7
9,52.10,1.7244,119.9
9,52.20,1.7275,120.1
9,52.30,1.7311,120.4
9,52.40,1.7351,120.7
9,52.50,1.7388,121.0
9,52.60,1.7416,121.1
9,52.70,1.7443,121.3
9,52.80,1.7472,121.5
9,52.90,1.7508,121.8
9,53.00,1.7546,122.1
9,53.10,1.7580,122.3
9,53.20,1.7611,122.5
9,53.30,1.7646,122.8
9,53.40,1.7684,123.0
9,53.50,1.7720,123.3
9,53.60,1.7750,123.5
9,53.70,1.7780,123.7
9,53.80,1.7814,123.9
9,53.90,1.7853,124.2
9,54.00,1.7892,124.5
9,54.10,1.7924,124.7
9,54.20,1.7950,124.9
9,54.30,1.7977,125.0
9,54.40,1.8008,125.3
9,54.50,1.8045,125.6
9,54.60,1.8080,125.8
9,54.70,1.8111,126.0
9,54.80,1.8146,126.3
9,54.90,1.8183,126.5
9,55.00,1.8220,126.8
9,55.10,1.8254,127.1
9,55.20,1.8283,127.2
9,55.30,1.8312,127.4
9,55.40,1.8345,127.7
9,55.50,1.8384,128.0
9,55.60,1.8420,128.2
9,55.70,1.8448,128.4
9,55.80,1.8474,128.5
9,55.90,1.8504,128.7
9,56.00,1.8539,129.0
9,56.10,1.8578,129.3
9,56.20,1.8614,129.6
9,56.30,1.8647,129.8
9,56.40,1.8684,130.1
9,56.50,1.8721,130.3
9,56.60,1.8756,130.6
9,56.70,1.8787,130.8
9,56.80,1.8815,130.9
9,56.90,1.8845,131.2
9,57.00,1.8880,131.4
9,57.10,1.8918,131.7
9,57.20,1.8953,131.9
9,57.30,1.8983,132.1
9,57.40,1.9010,132.3
9,57.50,1.9041,132.5
9,57.60,1.9079,132.8
9,57.70,1.9115,133.1
9,57.80,1.9147,133.3
9,57.90,1.9181,133.5
9,58.00,1.9218,133.8
9,58.10,1.9254,134.0
9,58.20,1.9284,134.2
9,58.30,1.9313,134.4
9,58.40,1.9342,134.6
9,58.50,1.9374,134.8
9,58.60,1.9412,135.1
9,58.70,1.9452,135.4
9,58.80,1.9485,135.7
9,58.90,1.9513,135.8
9,59.00,1.9541,136.0
9,59.10,1.9575,136.2
9,59.20,1.9613,136.5
9,59.30,1.9649,136.8
9,59.40,1.9682,137.0
9,59.50,1.9716,137.2
9,59.60,1.9753,137.5
9,59.70,1.9789,137.7
9,59.80,1.9820,137.9
9,59.90,1.9848,138.1
9,60.00,1.9879,138.3
9,60.10,1.9916,138.6
9,60.20,1.9957,138.9
9,60.30,1.9992,139.2
9,60.40,2.0019,139.3
9,60.50,2.0045,139.5
9,60.60,2.0074,139.7
9,60.70,2.0108,139.9
9,60.80,2.0145,140.2
9,60.90,2.0179,140.4
9,61.00,2.0212,140.7
9,61.10,2.0248,140.9
9,61.20,2.0285,141.2
9,61.30,2.0320,141.5
9,61.40,2.0350,141.6
9,61.50,2.0379,141.8
9,61.60,2.0410,142.0
9,61.70,2.0447,142.3
9,61.80,2.0488,142.6
9,61.90,2.0520,142.8
9,62.00,2.0546,143.0
9,62.10,2.0573,143.1
9,62.20,2.0605,143.3
9,62.30,2.0642,143.6
9,62.40,2.0679,143.9
9,62.50,2.0711,144.1
9,62.60,2.0746,144.4
9,62.70,2.0785,144.7
9,62.80,2.0822,144.9
9,62.90,2.0854,145.1
9,63.00,2.0882,145.3
9,63.10,2.0911,145.5
9,63.20,2.0945,145.7
9,63.30,2.0982,146.0
9,63.40,2.1019,146.3
9,63.50,2.1051,146.5
9,63.60,2.1079,146.6
9,63.70,2.1108,146.8
9,63.80,2.1142,147.1
9,63.90,2.1182,147.4
9,64.00,2.1215,147.6
9,64.10,2.1247,147.8
9,64.20,2.1283,148.1
9,64.30,2.1321,148.3
9,64.40,2.1354,148.5
9,64.50,2.1383,148.7
9,64.60,2.1411,148.9
9,64.70,2.1443,149.1
9,64.80,2.1479,149.4
9,64.90,2.1520,149.7
9,65.00,2.1555,149.9
9,65.10,2.1583,150.1
9,65.20,2.1610,150.3
9,65.30,2.1640,150.5
9,65.40,2.1679,150.8
9,65.50,2.1717,151.0
9,65.60,2.1749,151.3
9,65.70,2.1780,151.5
9,65.80,2.1815,151.7
9,65.90,2.1853,152.0
9,66.00,2.1887,152.2
9,66.10,2.1916,152.4
9,66.20,2.1945,152.6
9,66.30,2.1979,152.8
9,66.40,2.2019,153.1
9,66.50,2.2057,153.4
9,66.60,2.2089,153.6
9,66.70,2.2116,153.8
9,66.80,2.2143,153.9
9,66.90,2.2174,154.1
9,67.00,2.2210,154.4
9,67.10,2.2245,154.7
9,67.20,2.2278,154.9
9,67.30,2.2313,155.1
9,67.40,2.2350,155.4
9,67.50,2.2387,155.6
9,67.60,2.2420,155.9
9,67.70,2.2449,156.1
9,67.80,2.2479,156.3
9,67.90,2.2513,156.5
9,68.00,2.2553,156.8
9,68.10,2.2589,157.0
9,68.20,2.2617,157.2
9,68.30,2.2642,157.4
9,68.40,2.2671,157.5
9,68.50,2.2706,157.8
9,68.60,2.2746,158.1
9,68.70,2.2780,158.3
9,68.80,2.2814,158.6
9,68.90,2.2850,158.8
9,69.00,2.2887,159.1
9,69.10,2.2922,159.3
9,69.20,2.2952,159.5
9,69.30,2.2980,159.7
9,69.40,2.3012,159.9
9,69.50,2.3047,160.1
9,69.60,2.3084,160.4
9,69.70,2.3119,160.7
9,69.80,2.3149,160.8
9,69.90,2.3176,161.0
9,70.00,2.3208,161.2
9,70.10,2.3246,161.5
9,70.20,2.3282,161.8
9,70.30,2.3315,162.0
9,70.40,2.3348,162.2
9,70.50,2.3385,162.5
9,70.60,2.3420,162.7
9,70.70,2.3452,162.9
9,70.80,2.3481,163.1
9,70.90,2.3510,163.3
9,71.00,2.3542,163.5
9,71.10,2.3581,163.8
9,71.20,2.3620,164.1
9,71.30,2.3652,164.3
9,71.40,2.3679,164.4
9,71.50,2.3708,164.6
9,71.60,2.3741,164.8
9,71.70,2.3781,165.1
9,71.80,2.3817,165.4
9,71.90,2.3849,165.6
9,72.00,2.3882,165.8
9,72.10,2.3918,166.1
9,72.20,2.3954,166.3
9,72.30,2.3984,166.5
9,72.40,2.4013,166.7
9,72.50,2.4044,166.9
9,72.60,2.4079,167.2
9,72.70,2.4118,167.4
9,72.80,2.4155,167.7
9,72.90,2.4185,167.9
9,73.00,2.4211,168.0
9,73.10,2.4240,168.2
9,73.20,2.4274,168.5
9,73.30,2.4310,168.7
9,73.40,2.4344,168.9
9,73.50,2.4377,169.2
9,73.60,2.4415,169.5
9,73.70,2.4452,169.7
9,73.80,2.4486,169.9
9,73.90,2.4517,170.1
9,74.00,2.4546,170.3
9,74.10,2.4578,170.5
9,74.20,2.4617,170.8
9,74.30,2.4657,171.1
9,74.40,2.4688,171.3
9,74.50,2.4713,171.4
9,74.60,2.4741,171.6
9,74.70,2.4772,171.8
9,74.80,2.4812,172.1
9,74.90,2.4850,172.4
9,75.00,2.4883,172.6
9,75.10,2.4916,172.8
9,75.20,2.4952,173.1
9,75.30,2.4989,173.3
9,75.40,2.5021,173.6
9,75.50,2.5050,173.7
9,75.60,2.5079,173.9
9,75.70,2.5111,174.1
9,75.80,2.5148,174.4
9,75.90,2.5185,174.6
9,76.00,2.5218,174.8
9,76.10,2.5246,175.0
9,76.20,2.5274,175.2
9,76.30,2.5307,175.4
9,76.40,2.5345,175.7
9,76.50,2.5380,175.9
9,76.60,2.5413,176.1
9,76.70,2.5448,176.4
9,76.80,2.5485,176.6
9,76.90,2.5518,176.9
9,77.00,2.5549,177.1
9,77.10,2.5578,177.2
9,77.20,2.5609,177.4
9,77.30,2.5646,177.7
9,77.40,2.5688,178.0
9,77.50,2.5723,178.2
9,77.60,2.5750,178.4
9,77.70,2.5777,178.6
9,77.80,2.5807,178.8
9,77.90,2.5845,179.0
9,78.00,2.5884,179.3
9,78.10,2.5916,179.5
9,78.20,2.5949,179.7
9,78.30,2.5984,180.0
9,78.40,2.6020,180.2
9,78.50,2.6054,180.5
9,78.60,2.6084,180.6
9,78.70,2.6113,180.8
9,78.80,2.6146,181.0
9,78.90,2.6185,181.3
9,79.00,2.6224,181.6
9,79.10,2.6256,181.8
9,79.20,2.6282,181.9
9,79.30,2.6309,182.1
9,79.40,2.6340,182.3
9,79.50,2.6376,182.6
9,79.60,2.6411,182.8
9,79.70,2.6445,183.0
9,79.80,2.6481,183.3
9,79.90,2.6518,183.5
9,80.00,2.6553,183.8
9,80.10,2.6585,184.0
9,80.20,2.6615,184.1
9,80.30,2.6645,184.3
9,80.40,2.6679,184.6
9,80.50,2.6717,184.8
9,80.60,2.6753,185.1
9,80.70,2.6781,185.2
9,80.80,2.6808,185.4
9,80.90,2.6837,185.6
9,81.00,2.6872,185.8
9,81.10,2.6911,186.1
9,81.20,2.6947,186.4
9,81.30,2.6981,186.6
9,81.40,2.7017,186.8
9,81.50,2.7056,187.1
9,81.60,2.7090,187.3
9,81.70,2.7119,187.5
9,81.80,2.7147,187.6
9,81.90,2.7177,187.8
9,82.00,2.7212,188.1
9,82.10,2.7250,188.4
9,82.20,2.7286,188.6
9,82.30,2.7315,188.8
9,82.40,2.7342,188.9
9,82.50,2.7373,189.1
9,82.60,2.7411,189.4
9,82.70,2.7447,189.6
9,82.80,2.7480,189.9
9,82.90,2.7515,190.1
9,83.00,2.7551,190.3
9,83.10,2.7586,190.6
9,83.20,2.7618,190.8
9,83.30,2.7647,191.0
9,83.40,2.7676,191.1
9,83.50,2.7709,191.4
9,83.60,2.7747,191.6
9,83.70,2.7786,191.9
9,83.80,2.7818,192.1
9,83.90,2.7846,192.3
9,84.00,2.7875,192.4
9,84.10,2.7908,192.7
9,84.20,2.7948,192.9
9,84.30,2.7983,193.2
9,84.40,2.8013,193.4
9,84.50,2.8047,193.6
9,84.60,2.8085,193.9
9,84.70,2.8121,194.1
9,84.80,2.8153,194.3
9,84.90,2.8182,194.4
9,85.00,2.8213,194.6
9,85.10,2.8249,194.9
9,85.20,2.8288,195.2
9,85.30,2.8324,195.4
9,85.40,2.8353,195.6
9,85.50,2.8379,195.7
9,85.60,2.8407,195.9
9,85.70,2.8442,196.1
9,85.80,2.8479,196.4
9,85.90,2.8512,196.6
9,86.00,2.8545,196.8
9,86.10,2.8582,197.1
9,86.20,2.8620,197.3
9,86.30,2.8654,197.6
9,86.40,2.8685,197.8
9,86.50,2.8714,197.9
9,86.60,2.8746,198.1
9,86.70,2.8785,198.4
9,86.80,2.8824,198.7
9,86.90,2.8854,198.9
9,87.00,2.8880,199.0
9,87.10,2.8907,199.1
9,87.20,2.8938,199.3
9,87.30,2.8977,199.6
9,87.40,2.9015,199.9
9,87.50,2.9048,200.1
9,87.60,2.9083,200.3
9,87.70,2.9121,200.6
9,87.80,2.9157,200.8
9,87.90,2.9187,201.0
9,88.00,2.9214,201.2
9,88.10,2.9243,201.3
9,88.20,2.9276,201.5
9,88.30,2.9314,201.8
9,88.40,2.9353,202.1
9,88.50,2.9385,202.3
9,88.60,2.9412,202.4
9,88.70,2.9440,202.6
9,88.80,2.9474,202.8
9,88.90,2.9514,203.1
9,89.00,2.9549,203.3
9,89.10,2.9581,203.5
9,89.20,2.9616,203.8
9,89.30,2.9653,204.0
9,89.40,2.9686,204.2
9,89.50,2.9716,204.4
9,89.60,2.9745,204.6
9,89.70,2.9776,204.7
9,89.80,2.9813,205.0
9,89.90,2.9854,205.3
9,90.00,2.9890,205.6
9,90.10,2.9918,205.7
9,90.20,2.9944,205.8
9,90.30,2.9974,206.0
9,90.40,3.0009,206.3
9,90.50,3.0048,206.5
9,90.60,3.0081,206.7
9,90.70,3.0112,206.9
9,90.80,3.0147,207.1
9,90.90,3.0183,207.4
9,91.00,3.0219,207.6
9,91.10,3.0248,207.8
9,91.20,3.0278,208.0
9,91.30,3.0311,208.2
9,91.40,3.0348,208.4
9,91.50,3.0387,208.7
9,91.60,3.0421,208.9
9,91.70,3.0448,209.1
9,91.80,3.0475,209.2
9,91.90,3.0506,209.4
9,92.00,3.0543,209.7
9,92.10,3.0580,209.9
9,92.20,3.0614,210.1
9,92.30,3.0650,210.4
9,92.40,3.0688,210.6
9,92.50,3.0724,210.8
9,92.60,3.0755,211.0
9,92.70,3.0783,211.2
9,92.80,3.0813,211.4
9,92.90,3.0847,211.6
9,93.00,3.0886,211.8
9,93.10,3.0921,212.1
9,93.20,3.0948,212.2
9,93.30,3.0975,212.4
9,93.40,3.1004,212.6
9,93.50,3.1039,212.8
9,93.60,3.1079,213.1
9,93.70,3.1114,213.3
9,93.80,3.1148,213.5
9,93.90,3.1185,213.8
9,94.00,3.1221,214.0
9,94.10,3.1254,214.2
9,94.20,3.1283,214.4
9,94.30,3.1312,214.5
9,94.40,3.1343,214.7
9,94.50,3.1378,214.9
9,94.60,3.1416,215.2
9,94.70,3.1451,215.4
9,94.80,3.1480,215.6
9,94.90,3.1508,215.8
9,95.00,3.1539,215.9
9,95.10,3.1577,216.2
9,95.20,3.1616,216.5
9,95.30,3.1649,216.7
9,95.40,3.1683,216.9
9,95.50,3.1719,217.1
9,95.60,3.1754,217.3
9,95.70,3.1786,217.5
9,95.80,3.1815,217.7
9,95.90,3.1845,217.9
9,96.00,3.1879,218.1
9,96.10,3.1919,218.4
9,96.20,3.1958,218.6
9,96.30,3.1987,218.8
9,96.40,3.2013,218.9
9,96.50,3.2041,219.1
9,96.60,3.2076,219.3
9,96.70,3.2116,219.6
9,96.80,3.2151,219.8
9,96.90,3.2181,220.0
9,97.00,3.2214,220.2
9,97.10,3.2250,220.4
9,97.20,3.2286,220.6
9,97.30,3.2318,220.8
9,97.40,3.2347,221.0
9,97.50,3.2378,221.2
9,97.60,3.2415,221.5
9,97.70,3.2454,221.7
9,97.80,3.2489,221.9
9,97.90,3.2518,222.1
9,98.00,3.2545,222.2
9,98.10,3.2575,222.4
9,98.20,3.2609,222.6
9,98.30,3.2645,222.8
9,98.40,3.2678,223.0
9,98.50,3.2711,223.3
9,98.60,3.2747,223.5
9,98.70,3.2785,223.7
9,98.80,3.2820,224.0
9,98.90,3.2851,224.1
9,99.00,3.2880,224.3
9,99.10,3.2912,224.5
9,99.20,3.2950,224.8
9,99.30,3.2990,225.0
9,99.40,3.3021,225.2
9,99.50,3.3046,225.3
9,99.60,3.3073,225.5
9,99.70,3.3104,225.6
9,99.80,3.3141,225.9
9,99.90,3.3179,226.2
9,100.00,3.3212,226.4
9,100.10,3.3246,226.6
9,100.20,3.3284,226.8
9,100.30,3.3321,227.1
9,100.40,3.3353,227.2
9,100.50,3.3382,227.4
9,100.60,3.3411,227.6
9,100.70,3.3444,227.8
9,100.80,3.3480,228.0
9,100.90,3.3517,228.2
9,101.00,3.3550,228.4
9,101.10,3.3578,228.6
9,101.20,3.3607,228.7
9,101.30,3.3642,229.0
9,101.40,3.3682,229.2
9,101.50,3.3716,229.5
9,101.60,3.3748,229.6
9,101.70,3.3784,229.9
9,101.80,3.3821,230.1
9,101.90,3.3856,230.3
9,102.00,3.3885,230.5
9,102.10,3.3913,230.6
9,102.20,3.3944,230.8
9,102.30,3.3981,231.0
9,102.40,3.4020,231.3
9,102.50,3.4055,231.5
9,102.60,3.4083,231.7
9,102.70,3.4109,231.8
9,102.80,3.4139,232.0
9,102.90,3.4177,232.2
9,103.00,3.4216,232.5
9,103.10,3.4249,232.7
9,103.20,3.4280,232.9
9,103.30,3.4314,233.1
9,103.40,3.4350,233.3
9,103.50,3.4386,233.5
9,103.60,3.4417,233.7
9,103.70,3.4447,233.9
9,103.80,3.4480,234.1
9,103.90,3.4516,234.3
9,104.00,3.4554,234.6
9,104.10,3.4587,234.8
9,104.20,3.4615,234.9
9,104.30,3.4643,235.1
9,104.40,3.4675,235.2
9,104.50,3.4712,235.5
9,104.60,3.4747,235.7
9,104.70,3.4779,235.9
9,104.80,3.4814,236.1
9,104.90,3.4852,236.4
9,105.00,3.4889,236.6
9,105.10,3.4921,236.8
9,105.20,3.4950,236.9
9,105.30,3.4979,237.1
9,105.40,3.5012,237.3
9,105.50,3.5051,237.5
9,105.60,3.5088,237.7
9,105.70,3.5116,237.9
9,105.80,3.5142,238.0
9,105.90,3.5170,238.2
9,106.00,3.5205,238.4
9,106.10,3.5245,238.7
9,106.20,3.5281,238.9
9,106.30,3.5315,239.1
9,106.40,3.5351,239.3
9,106.50,3.5387,239.5
9,106.60,3.5422,239.8
9,106.70,3.5453,239.9
9,106.80,3.5481,240.1
9,106.90,3.5512,240.3
9,107.00,3.5547,240.5
9,107.10,3.5584,240.7
9,107.20,3.5619,240.9
9,107.30,3.5648,241.1
9,107.40,3.5676,241.2
9,107.50,3.5707,241.4
9,107.60,3.5745,241.6
9,107.70,3.5782,241.9
9,107.80,3.5815,242.1
9,107.90,3.5849,242.3
9,108.00,3.5887,242.5
9,108.10,3.5922,242.7
9,108.20,3.5952,242.9
9,108.30,3.5980,243.0
9,108.40,3.6009,243.2
9,108.50,3.6041,243.4
9,108.60,3.6079,243.6
9,108.70,3.6118,243.9
9,108.80,3.6150,244.0
9,108.90,3.6178,244.2
9,109.00,3.6205,244.3
9,109.10,3.6238,244.5
9,109.20,3.6278,244.8
9,109.30,3.6315,245.0
9,109.40,3.6347,245.2
9,109.50,3.6380,245.4
9,109.60,3.6416,245.6
9,109.70,3.6453,245.9
9,109.80,3.6484,246.0
9,109.90,3.6513,246.2
9,110.00,3.6544,246.3
9,110.10,3.6581,246.6
9,110.20,3.6621,246.8
9,110.30,3.6657,247.1
9,110.40,3.6686,247.2
9,110.50,3.6713,247.3
9,110.60,3.6742,247.5
9,110.70,3.6777,247.7
9,110.80,3.6814,247.9
9,110.90,3.6847,248.1
9,111.00,3.6881,248.3
9,111.10,3.6918,248.6
9,111.20,3.6956,248.8
9,111.30,3.6989,249.0
9,111.40,3.7018,249.1
9,111.50,3.7046,249.3
9,111.60,3.7078,249.4
9,111.70,3.7117,249.7
9,111.80,3.7157,250.0
9,111.90,3.7186,250.1
9,112.00,3.7211,250.2
9,112.10,3.7238,250.3
9,112.20,3.7269,250.5
9,112.30,3.7308,250.8
9,112.40,3.7347,251.0
9,112.50,3.7380,251.2
9,112.60,3.7415,251.4
9,112.70,3.7453,251.7
9,112.80,3.7490,251.9
9,112.90,3.7522,252.1
9,113.00,3.7550,252.2
9,113.10,3.7579,252.4
9,113.20,3.7611,252.5
9,113.30,3.7648,252.8
9,113.40,3.7685,253.0
9,113.50,3.7717,253.2
9,113.60,3.7745,253.3
9,113.70,3.7774,253.5
9,113.80,3.7808,253.7
9,113.90,3.7849,253.9
9,114.00,3.7884,254.1
9,114.10,3.7916,254.3
9,114.20,3.7951,254.5
9,114.30,3.7987,254.7
9,114.40,3.8019,254.9
9,114.50,3.8048,255.1
9,114.60,3.8078,255.2
9,114.70,3.8108,255.4
9,114.80,3.8145,255.6
9,114.90,3.8186,255.9
9,115.00,3.8222,256.1
9,115.10,3.8251,256.2
9,115.20,3.8277,256.4
9,115.30,3.8308,256.5
9,115.40,3.8345,256.7
9,115.50,3.8384,257.0
9,115.60,3.8417,257.2
9,115.70,3.8448,257.4
9,115.80,3.8483,257.6
9,115.90,3.8519,257.8
9,116.00,3.8552,258.0
9,116.10,3.8581,258.1
9,116.20,3.8610,258.3
9,116.30,3.8643,258.5
9,116.40,3.8682,258.7
9,116.50,3.8720,258.9
9,116.60,3.8752,259.1
9,116.70,3.8780,259.2
9,116.80,3.8809,259.4
9,116.90,3.8842,259.6
9,117.00,3.8881,259.8
9,117.10,3.8917,260.0
9,117.20,3.8949,260.2
9,117.30,3.8984,260.4
9,117.40,3.9022,260.6
9,117.50,3.9059,260.8
9,117.60,3.9089,261.0
9,117.70,3.9116,261.1
9,117.80,3.9145,261.3
9,117.90,3.9177,261.4
9,118.00,3.9215,261.7
9,118.10,3.9252,261.9
9,118.20,3.9280,262.0
9,118.30,3.9306,262.1
9,118.40,3.9334,262.3
9,118.50,3.9369,262.5
9,118.60,3.9409,262.7
9,118.70,3.9446,263.0
9,118.80,3.9479,263.2
9,118.90,3.9515,263.4
9,119.00,3.9553,263.6
9,119.10,3.9588,263.8
9,119.20,3.9618,263.9
9,119.30,3.9646,264.1
9,119.40,3.9678,264.2
9,119.50,3.9712,264.4
9,119.60,3.9750,264.6
9,119.70,3.9786,264.8
9,119.80,3.9815,265.0
9,119.90,3.9842,265.1
9,120.00,3.9874,265.3
9,120.10,3.9912,265.5
9,120.20,3.9950,265.7
9,120.30,3.9982,265.9
9,120.40,4.0016,266.1
9,120.50,4.0053,266.3
9,120.60,4.0088,266.5
9,120.70,4.0120,266.7
9,120.80,4.0149,266.8
9,120.90,4.0178,266.9
9,121.00,4.0212,267.1
9,121.10,4.0250,267.4
9,121.20,4.0289,267.6
9,121.30,4.0320,267.8
9,121.40,4.0346,267.9
9,121.50,4.0374,268.0
9,121.60,4.0407,268.2
9,121.70,4.0447,268.4
9,121.80,4.0482,268.6
9,121.90,4.0514,268.8
9,122.00,4.0547,269.0
9,122.10,4.0584,269.2
9,122.20,4.0620,269.4
9,122.30,4.0652,269.6
9,122.40,4.0680,269.7
9,122.50,4.0711,269.8
9,122.60,4.0748,270.1
9,122.70,4.0789,270.3
9,122.80,4.0824,270.5
9,122.90,4.0852,270.6
9,123.00,4.0878,270.8
9,123.10,4.0908,270.9
9,123.20,4.0942,271.1
9,123.30,4.0979,271.3
9,123.40,4.1012,271.5
9,123.50,4.1046,271.7
9,123.60,4.1082,271.9
9,123.70,4.1119,272.1
9,123.80,4.1153,272.3
9,123.90,4.1183,272.4
9,124.00,4.1212,272.5
9,124.10,4.1244,272.7
9,124.20,4.1282,272.9
9,124.30,4.1322,273.2
9,124.40,4.1354,273.3
9,124.50,4.1380,273.4
9,124.60,4.1406,273.6
9,124.70,4.1437,273.7
9,124.80,4.1476,273.9
9,124.90,4.1515,274.2
9,125.00,4.1549,274.3
9,125.10,4.1585,274.5
9,125.20,4.1621,274.7
9,125.30,4.1656,274.9
9,125.40,4.1686,275.1
9,125.50,4.1716,275.2
9,125.60,4.1746,275.4
9,125.70,4.1779,275.5
9,125.80,4.1816,275.7
9,125.90,4.1854,276.0
9,126.00,4.1885,276.1
9,126.10,4.1911,276.2
9,126.20,4.1940,276.4
9,126.30,4.1975,276.6
9,126.40,4.2014,276.8
9,126.50,4.2049,277.0
9,126.60,4.2082,277.1
9,126.70,4.2117,277.3
9,126.80,4.2154,277.5
9,126.90,4.2185,277.7
9,127.00,4.2215,277.8
9,127.10,4.2244,278.0
9,127.20,4.2275,278.1
9,127.30,4.2310,278.3
9,127.40,4.2349,278.5
9,127.50,4.2386,278.7
9,127.60,4.2415,278.9
9,127.70,4.2441,279.0
9,127.80,4.2471,279.1
9,127.90,4.2508,279.3
9,128.00,4.2548,279.5
9,128.10,4.2582,279.7
9,128.20,4.2614,279.9
9,128.30,4.2649,280.1
9,128.40,4.2685,280.3
9,128.50,4.2719,280.5
9,128.60,4.2749,280.6
9,128.70,4.2779,280.7
9,128.80,4.2814,280.9
9,128.90,4.2852,281.1
9,129.00,4.2890,281.3
9,129.10,4.2921,281.5
9,129.20,4.2948,281.6
9,129.30,4.2976,281.7
9,129.40,4.3009,281.9
9,129.50,4.3047,282.1
9,129.60,4.3082,282.3
9,129.70,4.3114,282.4
9,129.80,4.3149,282.6
9,129.90,4.3186,282.8
9,130.00,4.3223,283.0
9,130.10,4.3253,283.2
9,130.20,4.3281,283.3
9,130.30,4.3309,283.4
9,130.40,4.3343,283.6
9,130.50,4.3382,283.8
9,130.60,4.3420,284.0
9,130.70,4.3448,284.1
9,130.80,4.3474,284.2
9,130.90,4.3503,284.3
9,131.00,4.3538,284.5
9,131.10,4.3578,284.7
9,131.20,4.3615,284.9
9,131.30,4.3650,285.2
9,131.40,4.3686,285.3
9,131.50,4.3723,285.5
9,131.60,4.3757,285.7
9,131.70,4.3787,285.8
9,131.80,4.3816,285.9
9,131.90,4.3847,286.1
9,132.00,4.3881,286.3
9,132.10,4.3917,286.5
9,132.20,4.3952,286.6
9,132.30,4.3982,286.8
9,132.40,4.4010,286.9
9,132.50,4.4041,287.0
9,132.60,4.4078,287.2
9,132.70,4.4115,287.4
9,132.80,4.4147,287.6
9,132.90,4.4181,287.7
9,133.00,4.4218,287.9
9,133.10,4.4254,288.1
9,133.20,4.4286,288.2
9,133.30,4.4314,288.4
9,133.40,4.4343,288.5
9,133.50,4.4374,288.6
9,133.60,4.4413,288.8
9,133.70,4.4453,289.1
9,133.80,4.4484,289.2
9,133.90,4.4512,289.3
9,134.00,4.4540,289.4
9,134.10,4.4572,289.6
9,134.20,4.4613,289.8
9,134.30,4.4649,290.0
9,134.40,4.4682,290.1
9,134.50,4.4717,290.3
9,134.60,4.4753,290.5
9,134.70,4.4788,290.6
9,134.80,4.4819,290.8
9,134.90,4.4848,290.9
9,135.00,4.4880,291.0
9,135.10,4.4917,291.2
9,135.20,4.4957,291.5
9,135.30,4.4991,291.6
9,135.40,4.5019,291.7
9,135.50,4.5045,291.8
9,135.60,4.5075,291.9
9,135.70,4.5111,292.1
9,135.80,4.5148,292.3
9,135.90,4.5180,292.4
9,136.00,4.5212,292.6
9,136.10,4.5247,292.8
9,136.20,4.5284,292.9
9,136.30,4.5319,293.1
9,136.40,4.5351,293.2
9,136.50,4.5380,293.3
9,136.60,4.5411,293.5
9,136.70,4.5448,293.6
9,136.80,4.5487,293.9
9,136.90,4.5518,294.0
9,137.00,4.5544,294.1
9,137.10,4.5570,294.2
9,137.20,4.5601,294.3
9,137.30,4.5638,294.5
9,137.40,4.5679,294.7
9,137.50,4.5714,294.9
9,137.60,4.5750,295.0
9,137.70,4.5788,295.2
9,137.80,4.5824,295.4
9,137.90,4.5854,295.5
9,138.00,4.5883,295.6
9,138.10,4.5913,295.7
9,138.20,4.5947,295.9
9,138.30,4.5983,296.0
9,138.40,4.6019,296.2
9,138.50,4.6050,296.3
9,138.60,4.6077,296.4
9,138.70,4.6106,296.5
9,138.80,4.6140,296.7
9,138.90,4.6180,296.9
9,139.00,4.6215,297.0
9,139.10,4.6248,297.2
9,139.20,4.6282,297.3
9,139.30,4.6319,297.5
9,139.40,4.6355,297.7
9,139.50,4.6385,297.8
9,139.60,4.6413,297.9
9,139.70,4.6442,298.0
9,139.80,4.6477,298.1
9,139.90,4.6517,298.4
9,140.00,4.6554,298.6
9,140.10,4.6583,298.6
9,140.20,4.6610,298.7
9,140.30,4.6641,298.9
9,140.40,4.6678,299.0
9,140.50,4.6718,299.2
9,140.60,4.6750,299.4
9,140.70,4.6783,299.5
9,140.80,4.6817,299.6
9,140.90,4.6853,299.8
9,141.00,4.6887,300.0
9,141.10,4.6916,300.0
9,141.20,4.6945,300.1
9,141.30,4.6977,300.3
9,141.40,4.7014,300.4
9,141.50,4.7052,300.6
9,141.60,4.7085,300.8
9,141.70,4.7113,300.9
9,141.80,4.7141,300.9
9,141.90,4.7173,301.1
9,142.00,4.7212,301.3
9,142.10,4.7248,301.4
9,142.20,4.7281,301.6
9,142.30,4.7317,301.7
9,142.40,4.7355,301.9
9,142.50,4.7391,302.0
9,142.60,4.7421,302.2
9,142.70,4.7449,302.2
9,142.80,4.7479,302.3
9,142.90,4.7512,302.5
9,143.00,4.7552,302.7
9,143.10,4.7590,302.8
9,143.20,4.7617,302.9
9,143.30,4.7642,303.0
9,143.40,4.7670,303.0
9,143.50,4.7704,303.2
9,143.60,4.7744,303.4
9,143.70,4.7780,303.5
9,143.80,4.7814,303.7
9,143.90,4.7853,303.8
9,144.00,4.7888,304.0
9,144.10,4.7921,304.1
9,144.20,4.7951,304.2
9,144.30,4.7980,304.3
9,144.40,4.8012,304.4
9,144.50,4.8047,304.6
9,144.60,4.8084,304.7
9,144.70,4.8118,304.8
9,144.80,4.8147,304.9
9,144.90,4.8175,305.0
9,145.00,4.8206,305.1
9,145.10,4.8244,305.3
9,145.20,4.8281,305.4
9,145.30,4.8314,305.5
9,145.40,4.8346,305.6
9,145.50,4.8382,305.8
9,145.60,4.8420,305.9
9,145.70,4.8452,306.1
9,145.80,4.8482,306.2
9,145.90,4.8511,306.2
9,146.00,4.8544,306.3
9,146.10,4.8582,306.5
9,146.20,4.8622,306.7
9,146.30,4.8653,306.8
9,146.40,4.8680,306.8
9,146.50,4.8708,306.9
9,146.60,4.8740,307.0
9,146.70,4.8780,307.2
9,146.80,4.8817,307.3
9,146.90,4.8849,307.4
9,147.00,4.8882,307.5
9,147.10,4.8917,307.7
9,147.20,4.8952,307.8
9,147.30,4.8983,307.9
9,147.40,4.9012,308.0
9,147.50,4.9044,308.0
9,147.60,4.9080,308.2
9,147.70,4.9120,308.3
9,147.80,4.9156,308.5
9,147.90,4.9186,308.6
9,148.00,4.9212,308.6
9,148.10,4.9241,308.7
9,148.20,4.9274,308.8
9,148.30,4.9312,308.9
9,148.40,4.9345,309.0
9,148.50,4.9378,309.1
9,148.60,4.9413,309.2
9,148.70,4.9451,309.4
9,148.80,4.9487,309.5
9,148.90,4.9518,309.6
9,149.00,4.9547,309.7
9,149.10,4.9579,309.7
9,149.20,4.9617,309.9
9,149.30,4.9656,310.0
9,149.40,4.9686,310.1
9,149.50,4.9712,310.1
9,149.60,4.9739,310.1
9,149.70,4.9772,310.2
9,149.80,4.9812,310.4
9,149.90,4.9851,310.5
9,150.00,4.9884,310.6
9,150.10,4.9917,310.7
9,150.20,4.9954,310.8
9,150.30,4.9990,311.0
9,150.40,5.0021,311.0
9,150.50,5.0050,311.1
9,150.60,5.0080,311.1
9,150.70,5.0112,311.2
9,150.80,5.0148,311.3
9,150.90,5.0186,311.4
9,151.00,5.0217,311.5
9,151.10,5.0244,311.5
9,151.20,5.0273,311.6
9,151.30,5.0306,311.7
9,151.40,5.0346,311.8
9,151.50,5.0382,311.9
9,151.60,5.0414,312.0
9,151.70,5.0449,312.1
9,151.80,5.0486,312.2
9,151.90,5.0518,312.2
9,152.00,5.0549,312.3
9,152.10,5.0579,312.3
9,152.20,5.0609,312.4
9,152.30,5.0645,312.4
9,152.40,5.0685,312.6
9,152.50,5.0721,312.7
9,152.60,5.0750,312.7
9,152.70,5.0778,312.7
9,152.80,5.0808,312.7
9,152.90,5.0845,312.9
9,153.00,5.0884,313.0
9,153.10,5.0917,313.0
9,153.20,5.0949,313.1
9,153.30,5.0984,313.2
9,153.40,5.1021,313.2
9,153.50,5.1055,313.3
9,153.60,5.1085,313.3
9,153.70,5.1113,313.3
9,153.80,5.1145,313.4
9,153.90,5.1183,313.5
9,154.00,5.1221,313.6
9,154.10,5.1255,313.6
9,154.20,5.1283,313.6
9,154.30,5.1310,313.6
9,154.40,5.1341,313.6
9,154.50,5.1377,313.7
9,154.60,5.1413,313.8
9,154.70,5.1446,313.8
9,154.80,5.1481,313.9
9,154.90,5.1518,313.9
9,155.00,5.1553,314.0
9,155.10,5.1584,314.0
9,155.20,5.1613,314.0
9,155.30,5.1643,314.0
9,155.40,5.1677,314.0
9,155.50,5.1716,314.1
9,155.60,5.1753,314.2
9,155.70,5.1781,314.1
9,155.80,5.1807,314.1
9,155.90,5.1836,314.1
9,156.00,5.1871,314.1
9,156.10,5.1913,314.2
9,156.20,5.1949,314.2
9,156.30,5.1983,314.3
9,156.40,5.2019,314.3
9,156.50,5.2055,314.3
9,156.52,5.2062,314.4
9,156.60,5.2089,314.4
9,156.70,5.2119,314.3
9,156.80,5.2148,314.3
9,156.90,5.2178,314.3
9,157.00,5.2211,314.3
9,157.10,5.2248,314.3
9,157.20,5.2283,314.3
9,157.30,5.2314,314.3
9,157.40,5.2342,314.2
9,157.50,5.2373,314.2
9,157.60,5.2410,314.2
9,157.70,5.2448,314.2
9,157.80,5.2481,314.2
9,157.90,5.2515,314.2
9,158.00,5.2553,314.2
9,158.10,5.2588,314.2
9,158.20,5.2619,314.2
9,158.30,5.2648,314.1
9,158.40,5.2677,314.0
9,158.50,5.2710,314.0
9,158.60,5.2750,314.0
9,158.70,5.2790,314.0
9,158.80,5.2821,313.9
9,158.90,5.2846,313.8
9,159.00,5.2874,313.7
9,159.10,5.2907,313.7
9,159.20,5.2947,313.7
9,159.30,5.2982,313.6
9,159.40,5.3014,313.5
9,159.50,5.3047,313.5
9,159.60,5.3084,313.5
9,159.70,5.3120,313.4
9,159.80,5.3152,313.3
9,159.90,5.3181,313.2
9,160.00,5.3212,313.1
9,160.10,5.3249,313.0
9,160.20,5.3289,313.0
9,160.30,5.3323,312.9
9,160.40,5.3350,312.7
9,160.50,5.3377,312.6
9,160.60,5.3407,312.5
9,160.70,5.3443,312.4
9,160.80,5.3480,312.3
9,160.90,5.3513,312.2
9,161.00,5.3546,312.0
9,161.10,5.3583,311.9
9,161.20,5.3621,311.9
9,161.30,5.3657,311.7
9,161.40,5.3688,311.5
9,161.50,5.3715,311.4
9,161.60,5.3745,311.2
9,161.70,5.3781,311.0
9,161.80,5.3821,310.9
9,161.90,5.3853,310.6
9,162.00,5.3880,310.3
9,162.10,5.3907,309.9
9,162.20,5.3938,309.6
9,162.30,5.3977,309.2
9,162.40,5.4015,308.9
9,162.50,5.4049,308.5
9,162.60,5.4084,308.2
9,162.70,5.4121,307.9
9,162.80,5.4156,307.5
9,162.90,5.4187,307.2
9,163.00,5.4216,306.8
9,163.10,5.4246,306.5
9,163.20,5.4279,306.2
9,163.30,5.4316,305.9
9,163.40,5.4353,305.6
9,163.50,5.4384,305.3
9,163.60,5.4412,305.0
9,163.70,5.4441,304.6
9,163.80,5.4475,304.4
9,163.90,5.4513,304.1
9,164.00,5.4547,303.8
9,164.10,5.4579,303.5
9,164.20,5.4615,303.2
9,164.30,5.4653,302.9
9,164.40,5.4687,302.6
9,164.50,5.4718,302.3
9,164.60,5.4746,302.0
9,164.70,5.4777,301.7
9,164.80,5.4812,301.4
9,164.90,5.4852,301.1
9,165.00,5.4890,300.8
9,165.10,5.4918,300.5
9,165.20,5.4944,300.2
9,165.30,5.4973,299.8
9,165.40,5.5008,299.6
9,165.50,5.5047,299.3
9,165.60,5.5082,299.1
9,165.70,5.5114,298.8
9,165.80,5.5149,298.5
9,165.90,5.5185,298.2
9,166.00,5.5219,297.9
9,166.10,5.5247,297.6
9,166.20,5.5276,297.3
9,166.30,5.5309,297.1
9,166.40,5.5348,296.8
9,166.50,5.5388,296.6
9,166.60,5.5419,296.3
9,166.70,5.5446,296.0
9,166.80,5.5474,295.7
9,166.90,5.5505,295.5
9,167.00,5.5544,295.2
9,167.10,5.5580,295.0
9,167.20,5.5614,294.7
9,167.30,5.5649,294.5
9,167.40,5.5689,294.3
9,167.50,5.5727,294.1
9,167.60,5.5759,293.8
9,167.70,5.5786,293.5
9,167.80,5.5814,293.3
9,167.90,5.5849,293.0
9,168.00,5.5888,292.8
9,168.10,5.5923,292.6
9,168.20,5.5950,292.3
9,168.30,5.5975,292.1
9,168.40,5.6004,291.8
9,168.50,5.6039,291.6
9,168.60,5.6079,291.5
9,168.70,5.6115,291.3
9,168.80,5.6148,291.1
9,168.90,5.6183,290.9
9,169.00,5.6219,290.7
9,169.10,5.6253,290.5
9,169.20,5.6283,290.2
9,169.30,5.6312,290.0
9,169.40,5.6343,289.8
9,169.50,5.6377,289.6
9,169.60,5.6415,289.4
9,169.70,5.6450,289.3
9,169.80,5.6480,289.1
9,169.90,5.6508,288.8
9,170.00,5.6539,288.6
9,170.10,5.6576,288.5
9,170.20,5.6614,288.3
9,170.30,5.6647,288.1
9,170.40,5.6681,288.0
9,170.50,5.6719,287.8
9,170.60,5.6755,287.6
9,170.70,5.6786,287.4
9,170.80,5.6815,287.2
9,170.90,5.6844,287.1
9,171.00,5.6878,286.9
9,171.10,5.6919,286.8
9,171.20,5.6959,286.6
9,171.30,5.6989,286.4
9,171.40,5.7015,286.2
9,171.50,5.7042,286.0
9,171.60,5.7075,285.9
9,171.70,5.7115,285.7
9,171.80,5.7152,285.6
9,171.90,5.7183,285.4
9,172.00,5.7215,285.3
9,172.10,5.7250,285.1
9,172.20,5.7285,284.9
9,172.30,5.7317,284.8
9,172.40,5.7347,284.6
9,172.50,5.7379,284.5
9,172.60,5.7415,284.3
9,172.70,5.7454,284.2
9,172.80,5.7489,284.0
9,172.90,5.7518,283.9
9,173.00,5.7545,283.7
9,173.10,5.7574,283.5
9,173.20,5.7609,283.4
9,173.30,5.7645,283.2
9,173.40,5.7679,283.1
9,173.50,5.7712,282.9
9,173.60,5.7749,282.8
9,173.70,5.7787,282.7
9,173.80,5.7821,282.5
9,173.90,5.7851,282.4
9,174.00,5.7879,282.2
9,174.10,5.7911,282.0
9,174.20,5.7948,281.9
9,174.30,5.7988,281.8
9,174.40,5.8019,281.6
9,174.50,5.8045,281.4
9,174.60,5.8072,281.2
9,174.70,5.8103,281.0
9,174.80,5.8142,280.8
9,174.90,5.8181,280.2
9,175.00,5.8215,279.9
9,175.10,5.8249,279.8
9,175.20,5.8285,279.7
9,175.30,5.8321,279.6
9,175.40,5.8353,279.4
9,175.50,5.8381,279.2
9,175.60,5.8410,279.1
9,175.70,5.8442,279.0
9,175.80,5.8479,278.9
9,175.90,5.8518,278.8
9,176.00,5.8551,278.6
9,176.10,5.8579,278.5
9,176.20,5.8607,278.3
9,176.30,5.8640,278.2
9,176.40,5.8680,278.1
9,176.50,5.8716,278.0
9,176.60,5.8749,277.8
9,176.70,5.8785,277.7
9,176.80,5.8821,277.6
9,176.90,5.8854,277.5
9,177.00,5.8884,277.3
9,177.10,5.8913,277.2
9,177.20,5.8945,277.0
9,177.30,5.8981,276.9
9,177.40,5.9022,276.8
9,177.50,5.9055,276.7
9,177.60,5.9083,276.5
9,177.70,5.9110,276.4
9,177.80,5.9140,276.3
9,177.90,5.9177,276.2
9,178.00,5.9216,276.1
9,178.10,5.9248,275.9
9,178.20,5.9279,275.8
9,178.30,5.9313,275.7
9,178.40,5.9351,275.6
9,178.50,5.9387,275.4
9,178.60,5.9417,275.3
9,178.70,5.9446,275.1
9,178.80,5.9478,275.0
9,178.90,5.9516,274.9
9,179.00,5.9555,274.8
9,179.10,5.9588,274.7
9,179.20,5.9616,274.6
9,179.30,5.9644,274.4
9,179.40,5.9675,274.2
9,179.50,5.9712,274.1
9,179.60,5.9748,274.0
9,179.70,5.9782,273.9
9,179.80,5.9817,273.8
9,179.90,5.9853,273.7
9,180.00,5.9887,273.6
9,180.10,5.9919,273.4
9,180.20,5.9949,273.3
9,180.30,5.9978,273.1
9,180.40,6.0013,273.0
9,180.50,6.0051,272.9
9,180.60,6.0086,272.8
9,180.70,6.0114,272.7
9,180.80,6.0141,272.5
9,180.90,6.0170,272.4
9,181.00,6.0205,272.3
9,181.10,6.0247,272.2
9,181.20,6.0282,272.1
9,181.30,6.0316,272.0
9,181.40,6.0352,271.9
9,181.50,6.0389,271.8
9,181.60,6.0423,271.6
9,181.70,6.0453,271.5
9,181.80,6.0481,271.3
9,181.90,6.0510,271.2
9,182.00,6.0544,271.1
9,182.10,6.0583,271.0
9,182.20,6.0618,270.9
9,182.30,6.0648,270.8
9,182.40,6.0676,270.6
9,182.50,6.0707,270.5
9,182.60,6.0745,270.4
9,182.70,6.0783,270.3
9,182.80,6.0816,270.2
9,182.90,6.0849,270.1
9,183.00,6.0885,270.0
9,183.10,6.0920,269.8
9,183.20,6.0952,269.7
9,183.30,6.0981,269.6
9,183.40,6.1010,269.4
9,183.50,6.1043,269.3
9,183.60,6.1081,269.2
9,183.70,6.1120,269.1
9,183.80,6.1151,269.0
9,183.90,6.1178,268.8
9,184.00,6.1206,268.7
9,184.10,6.1238,268.6
9,184.20,6.1277,268.5
9,184.30,6.1314,268.4
9,184.40,6.1346,268.2
9,184.50,6.1380,268.1
9,184.60,6.1417,268.0
9,184.70,6.1453,267.9
9,184.80,6.1484,267.7
9,184.90,6.1512,267.6
9,185.00,6.1543,267.4
9,185.10,6.1580,267.2
9,185.20,6.1622,264.8
9,185.30,6.1658,264.4
9,185.40,6.1686,264.3
9,185.50,6.1712,264.1
9,185.60,6.1741,264.0
9,185.70,6.1775,264.0
9,185.80,6.1814,264.0
9,185.90,6.1849,264.0
9,186.00,6.1884,263.9
9,186.10,6.1921,263.8
9,186.20,6.1957,263.8
9,186.30,6.1991,263.7
9,186.40,6.2020,263.6
9,186.50,6.2047,263.5
9,186.60,6.2078,263.4
9,186.70,6.2115,263.3
9,186.80,6.2154,263.3
9,186.90,6.2185,263.1
9,187.00,6.2211,263.0
9,187.10,6.2239,262.9
9,187.20,6.2270,262.8
9,187.30,6.2309,262.7
9,187.40,6.2348,262.7
9,187.50,6.2381,262.6
9,187.60,6.2415,262.5
9,187.70,6.2450,262.4
9,187.80,6.2486,262.3
9,187.90,6.2519,262.2
9,188.00,6.2549,262.1
9,188.10,6.2578,261.9
9,188.20,6.2610,261.8
9,188.30,6.2647,261.8
9,188.40,6.2685,261.7
9,188.50,6.2718,261.6
9,188.60,6.2746,261.5
9,188.70,6.2775,261.3
9,188.80,6.2809,261.2
9,188.90,6.2849,261.2
9,189.00,6.2884,261.1
9,189.10,6.2916,261.0
9,189.20,6.2952,260.9
9,189.30,6.2988,260.8
9,189.40,6.3019,260.7
9,189.50,6.3050,260.6
9,189.60,6.3079,260.4
9,189.70,6.3110,260.3
9,189.80,6.3146,260.2
9,189.90,6.3187,260.2
9,190.00,6.3222,260.1
9,190.10,6.3251,260.0
9,190.20,6.3277,259.8
9,190.30,6.3307,259.7
9,190.40,6.3345,259.6
9,190.50,6.3384,259.6
9,190.60,6.3415,259.5
9,190.70,6.3446,259.3
9,190.80,6.3480,259.3
9,190.90,6.3517,259.2
9,191.00,6.3552,259.1
9,191.10,6.3582,259.0
9,191.20,6.3612,258.8
9,191.30,6.3646,258.8
9,191.40,6.3685,258.7
9,191.50,6.3724,258.6
9,191.60,6.3755,258.5
9,191.70,6.3782,258.4
9,191.80,6.3809,258.2
9,191.90,6.3840,258.1
9,192.00,6.3877,258.1
9,192.10,6.3913,257.9
9,192.20,6.3946,257.9
9,192.30,6.3982,257.8
9,192.40,6.4020,257.7
9,192.50,6.4058,257.6
9,192.60,6.4089,257.5
9,192.70,6.4117,257.3
9,192.80,6.4146,257.2
9,192.90,6.4179,257.1
9,193.00,6.4217,257.0
9,193.10,6.4251,256.9
9,193.20,6.4280,256.8
9,193.30,6.4307,256.6
9,193.40,6.4336,256.5
9,193.50,6.4371,256.4
9,193.60,6.4410,256.4
9,193.70,6.4447,256.3
9,193.80,6.4481,256.2
9,193.90,6.4516,256.0
9,194.00,6.4553,255.9
9,194.10,6.4587,255.8
9,194.20,6.4617,255.6
9,194.30,6.4646,255.5
9,194.40,6.4675,255.3
9,194.50,6.4710,255.2
9,194.60,6.4749,255.1
9,194.70,6.4786,255.0
9,194.80,6.4814,254.8
9,194.90,6.4842,254.6
9,195.00,6.4873,254.5
9,195.10,6.4912,254.3
9,195.20,6.4951,254.2
9,195.30,6.4984,254.0
9,195.40,6.5018,253.7
9,195.50,6.5054,250.6
9,195.52,6.5063,181.2
9,195.53,6.5074,113.2
9,195.54,6.5082,77.5
13,0.00,0.0000,0.1
13,0.10,0.0001,0.1
13,0.20,0.0005,0.1
13,0.30,0.0012,0.1
13,0.40,0.0024,0.1
13,0.50,0.0045,0.2
13,0.60,0.0064,0.3
13,0.70,0.0085,0.4
13,0.80,0.0122,0.5
13,0.90,0.0166,0.8
13,1.00,0.0208,1.0
13,1.10,0.0246,1.2
13,1.20,0.0285,1.4
13,1.30,0.0319,1.6
13,1.40,0.0346,1.8
13,1.50,0.0373,1.9
13,1.60,0.0403,2.1
13,1.70,0.0438,2.4
13,1.80,0.0474,2.6
13,1.90,0.0504,2.9
13,2.00,0.0536,3.1
13,2.10,0.0573,3.4
13,2.20,0.0611,3.6
13,2.30,0.0647,4.0
13,2.40,0.0679,4.2
13,2.50,0.0708,4.5
13,2.60,0.0741,4.8
13,2.70,0.0778,5.1
13,2.80,0.0816,5.5
13,2.90,0.0847,5.8
13,3.00,0.0874,6.0
13,3.10,0.0901,6.4
13,3.20,0.0933,6.6
13,3.30,0.0968,7.0
13,3.40,0.1003,7.4
13,3.50,0.1036,7.7
13,3.60,0.1073,8.1
13,3.70,0.1111,8.5
13,3.80,0.1147,8.8
13,3.90,0.1180,9.2
13,4.00,0.1210,9.5
13,4.10,0.1241,9.8
13,4.20,0.1274,10.2
13,4.30,0.1313,10.6
13,4.40,0.1352,11.0
13,4.50,0.1382,11.2
13,4.60,0.1408,11.5
13,4.70,0.1438,11.8
13,4.80,0.1473,12.2
13,4.90,0.1511,12.6
13,5.00,0.1544,12.9
13,5.10,0.1577,13.2
13,5.20,0.1613,13.6
13,5.30,0.1648,14.0
13,5.40,0.1681,14.3
13,5.50,0.1713,14.6
13,5.60,0.1743,15.0
13,5.70,0.1774,15.3
13,5.80,0.1810,15.6
13,5.90,0.1851,16.1
13,6.00,0.1887,16.4
13,6.10,0.1915,16.7
13,6.20,0.1942,16.9
13,6.30,0.1973,17.2
13,6.40,0.2010,17.5
13,6.50,0.2044,17.8
13,6.60,0.2075,18.1
13,6.70,0.2108,18.3
13,6.80,0.2145,18.6
13,6.90,0.2180,18.8
13,7.00,0.2214,19.0
13,7.10,0.2245,19.3
13,7.20,0.2276,19.6
13,7.30,0.2310,19.9
13,7.40,0.2350,20.0
13,7.50,0.2387,20.0
13,7.60,0.2417,20.0
13,7.70,0.2444,20.1
13,7.80,0.2471,20.3
13,7.90,0.2503,20.4
13,8.00,0.2540,20.7
13,8.10,0.2575,21.0
13,8.20,0.2607,21.3
13,8.30,0.2642,21.7
13,8.40,0.2681,22.1
13,8.50,0.2717,22.5
13,8.60,0.2749,22.8
13,8.70,0.2779,23.1
13,8.80,0.2810,23.4
13,8.90,0.2846,23.8
13,9.00,0.2884,24.2
13,9.10,0.2919,24.6
13,9.20,0.2946,24.9
13,9.30,0.2972,25.1
13,9.40,0.3002,25.5
13,9.50,0.3038,25.8
13,9.60,0.3076,26.3
13,9.70,0.3109,26.6
13,9.80,0.3142,27.0
13,9.90,0.3180,27.4
13,10.00,0.3216,27.8
13,10.10,0.3250,28.1
13,10.20,0.3279,28.4
13,10.30,0.3306,28.7
13,10.40,0.3336,29.1
13,10.50,0.3373,29.5
13,10.60,0.3415,29.9
13,10.70,0.3449,30.3
13,10.80,0.3478,30.6
13,10.90,0.3505,30.9
13,11.00,0.3537,31.2
13,11.10,0.3576,31.7
13,11.20,0.3613,32.1
13,11.30,0.3651,32.5
13,11.40,0.3685,32.8
13,11.50,0.3716,33.2
13,11.60,0.3748,33.5
13,11.70,0.3781,33.9
13,11.80,0.3811,34.2
13,11.90,0.3842,34.5
13,12.00,0.3876,34.9
13,12.10,0.3914,35.3
13,12.20,0.3953,35.8
13,12.30,0.3982,36.1
13,12.40,0.4008,36.3
13,12.50,0.4037,36.7
13,12.60,0.4072,37.0
13,12.70,0.4110,37.5
13,12.80,0.4141,37.8
13,12.90,0.4172,38.1
13,13.00,0.4208,38.5
13,13.10,0.4245,38.9
13,13.20,0.4279,39.3
13,13.30,0.4314,39.7
13,13.40,0.4345,40.0
13,13.50,0.4376,40.3
13,13.60,0.4412,40.7
13,13.70,0.4453,41.1
13,13.80,0.4488,41.5
13,13.90,0.4514,41.8
13,14.00,0.4541,42.0
13,14.10,0.4569,42.4
13,14.20,0.4605,42.8
13,14.30,0.4642,43.2
13,14.40,0.4674,43.5
13,14.50,0.4708,43.9
13,14.60,0.4746,44.3
13,14.70,0.4783,44.7
13,14.80,0.4818,45.1
13,14.90,0.4849,45.4
13,15.00,0.4879,45.7
13,15.10,0.4912,46.1
13,15.20,0.4950,46.5
13,15.30,0.4987,46.9
13,15.40,0.5017,47.3
13,15.50,0.5043,47.5
13,15.60,0.5071,47.9
13,15.70,0.5104,48.3
13,15.80,0.5143,48.7
13,15.90,0.5177,49.0
13,16.00,0.5209,49.4
13,16.10,0.5244,49.8
13,16.20,0.5280,50.2
13,16.30,0.5315,50.6
13,16.40,0.5347,50.9
13,16.50,0.5376,51.2
13,16.60,0.5406,51.6
13,16.70,0.5441,52.0
13,16.80,0.5481,52.4
13,16.90,0.5519,52.8
13,17.00,0.5548,53.1
13,17.10,0.5575,53.4
13,17.20,0.5604,53.8
13,17.30,0.5640,54.2
13,17.40,0.5678,54.6
13,17.50,0.5711,55.0
13,17.60,0.5743,55.3
13,17.70,0.5778,55.7
13,17.80,0.5814,56.1
13,17.90,0.5848,56.5
13,18.00,0.5880,56.8
13,18.10,0.5910,57.2
13,18.20,0.5942,57.5
13,18.30,0.5980,58.0
13,18.40,0.6021,58.5
13,18.50,0.6055,58.8
13,18.60,0.6081,59.1
13,18.70,0.6108,59.4
13,18.80,0.6140,59.8
13,18.90,0.6178,60.2
13,19.00,0.6210,60.6
13,19.10,0.6240,60.9
13,19.20,0.6272,61.2
13,19.30,0.6309,61.7
13,19.40,0.6346,62.1
13,19.50,0.6380,62.5
13,19.60,0.6411,62.8
13,19.70,0.6441,63.2
13,19.80,0.6475,63.6
13,19.90,0.6516,64.0
13,20.00,0.6555,64.5
13,20.10,0.6585,64.8
13,20.20,0.6610,65.1
13,20.30,0.6637,65.4
13,20.40,0.6669,65.8
13,20.50,0.6708,66.3
13,20.60,0.6743,66.6
13,20.70,0.6775,67.0
13,20.80,0.6811,67.4
13,20.90,0.6848,67.8
13,21.00,0.6884,68.2
13,21.10,0.6916,68.6
13,21.20,0.6947,68.9
13,21.30,0.6978,69.3
13,21.40,0.7013,69.7
13,21.50,0.7051,70.2
13,21.60,0.7086,70.6
13,21.70,0.7113,70.8
13,21.80,0.7140,71.1
13,21.90,0.7169,71.5
13,22.00,0.7204,71.9
13,22.10,0.7241,72.4
13,22.20,0.7274,72.7
13,22.30,0.7308,73.1
13,22.40,0.7344,73.5
13,22.50,0.7379,73.9
13,22.60,0.7413,74.3
13,22.70,0.7444,74.7
13,22.80,0.7473,75.0
13,22.90,0.7505,75.4
13,23.00,0.7542,75.8
13,23.10,0.7584,76.3
13,23.20,0.7618,76.7
13,23.30,0.7646,77.0
13,23.40,0.7674,77.3
13,23.50,0.7706,77.7
13,23.60,0.7743,78.2
13,23.70,0.7778,78.6
13,23.80,0.7809,78.9
13,23.90,0.7844,79.3
13,24.00,0.7880,79.8
13,24.10,0.7915,80.2
13,24.20,0.7949,80.5
13,24.30,0.7980,80.9
13,24.40,0.8010,81.3
13,24.50,0.8046,81.7
13,24.60,0.8087,82.2
13,24.70,0.8124,82.6
13,24.80,0.8152,82.9
13,24.90,0.8177,83.2
13,25.00,0.8206,83.5
13,25.10,0.8240,83.9
13,25.20,0.8277,84.4
13,25.30,0.8308,84.7
13,25.40,0.8340,85.1
13,25.50,0.8375,85.5
13,25.60,0.8411,86.0
13,25.70,0.8446,86.4
13,25.80,0.8479,86.7
13,25.90,0.8511,87.1
13,26.00,0.8543,87.5
13,26.10,0.8579,87.9
13,26.20,0.8620,88.4
13,26.30,0.8655,88.8
13,26.40,0.8681,89.0
13,26.50,0.8706,89.3
13,26.60,0.8735,89.7
13,26.70,0.8770,90.1
13,26.80,0.8807,90.6
13,26.90,0.8841,91.0
13,27.00,0.8876,91.4
13,27.10,0.8914,91.8
13,27.20,0.8950,92.2
13,27.30,0.8984,92.6
13,27.40,0.9014,92.9
13,27.50,0.9045,93.3
13,27.60,0.9078,93.7
13,27.70,0.9116,94.2
13,27.80,0.9154,94.6
13,27.90,0.9183,94.9
13,28.00,0.9209,95.2
13,28.10,0.9237,95.5
13,28.20,0.9268,95.9
13,28.30,0.9306,96.4
13,28.40,0.9342,96.8
13,28.50,0.9374,97.2
13,28.60,0.9409,97.6
13,28.70,0.9446,98.0
13,28.80,0.9482,98.4
13,28.90,0.9514,98.8
13,29.00,0.9544,99.1
13,29.10,0.9574,99.5
13,29.20,0.9608,99.9
13,29.30,0.9649,100.4
13,29.40,0.9688,100.9
13,29.50,0.9717,101.1
13,29.60,0.9743,101.4
13,29.70,0.9771,101.7
13,29.80,0.9806,102.2
13,29.90,0.9845,102.7
13,30.00,0.9878,103.0
13,30.10,0.9911,103.4
13,30.20,0.9947,103.8
13,30.30,0.9982,104.2
13,30.40,1.0015,104.6
13,30.50,1.0047,105.0
13,30.60,1.0076,105.3
13,30.70,1.0108,105.7
13,30.80,1.0144,106.1
13,30.90,1.0184,106.6
13,31.00,1.0219,107.0
13,31.10,1.0246,107.3
13,31.20,1.0273,107.6
13,31.30,1.0304,108.0
13,31.40,1.0341,108.4
13,31.50,1.0376,108.9
13,31.60,1.0407,109.2
13,31.70,1.0440,109.6
13,31.80,1.0476,110.0
13,31.90,1.0511,110.4
13,32.00,1.0544,110.8
13,32.10,1.0576,111.2
13,32.20,1.0608,111.5
13,32.30,1.0641,111.9
13,32.40,1.0682,112.4
13,32.50,1.0723,112.9
13,32.60,1.0752,113.2
13,32.70,1.0778,113.5
13,32.80,1.0805,113.8
13,32.90,1.0838,114.2
13,33.00,1.0876,114.7
13,33.10,1.0909,115.1
13,33.20,1.0942,115.4
13,33.30,1.0978,115.9
13,33.40,1.1016,116.3
13,33.50,1.1051,116.7
13,33.60,1.1084,117.1
13,33.70,1.1114,117.4
13,33.80,1.1144,117.8
13,33.90,1.1180,118.2
13,34.00,1.1219,118.7
13,34.10,1.1253,119.1
13,34.20,1.1280,119.3
13,34.30,1.1307,119.6
13,34.40,1.1337,120.0
13,34.50,1.1372,120.4
13,34.60,1.1408,120.9
13,34.70,1.1441,121.2
13,34.80,1.1475,121.6
13,34.90,1.1512,122.1
13,35.00,1.1548,122.5
13,35.10,1.1582,122.9
13,35.20,1.1613,123.2
13,35.30,1.1641,123.5
13,35.40,1.1673,123.9
13,35.50,1.1710,124.4
13,35.60,1.1750,124.9
13,35.70,1.1784,125.3
13,35.80,1.1811,125.5
13,35.90,1.1839,125.8
13,36.00,1.1871,126.2
13,36.10,1.1910,126.7
13,36.20,1.1947,127.1
13,36.30,1.1979,127.5
13,36.40,1.2013,127.9
13,36.50,1.2049,128.3
13,36.60,1.2082,128.7
13,36.70,1.2113,129.0
13,36.80,1.2143,129.4
13,36.90,1.2173,129.7
13,37.00,1.2208,130.1
13,37.10,1.2249,130.7
13,37.20,1.2289,131.1
13,37.30,1.2317,131.4
13,37.40,1.2343,131.7
13,37.50,1.2371,132.0
13,37.60,1.2405,132.4
13,37.70,1.2443,132.9
13,37.80,1.2476,133.3
13,37.90,1.2507,133.7
13,38.00,1.2542,134.1
13,38.10,1.2577,134.5
13,38.20,1.2612,134.9
13,38.30,1.2645,135.3
13,38.40,1.2676,135.6
13,38.50,1.2708,136.0
13,38.60,1.2745,136.5
13,38.70,1.2787,137.0
13,38.80,1.2822,137.4
13,38.90,1.2849,137.6
13,39.00,1.2875,137.9
13,39.10,1.2905,138.2
13,39.20,1.2941,138.7
13,39.30,1.2977,139.2
13,39.40,1.3009,139.5
13,39.50,1.3042,139.9
13,39.60,1.3078,140.3
13,39.70,1.3115,140.8
13,39.80,1.3149,141.1
13,39.90,1.3179,141.5
13,40.00,1.3209,141.8
13,40.10,1.3243,142.2
13,40.20,1.3283,142.7
13,40.30,1.3321,143.2
13,40.40,1.3350,143.5
13,40.50,1.3375,143.7
13,40.60,1.3402,144.0
13,40.70,1.3434,144.4
13,40.80,1.3471,144.9
13,40.90,1.3507,145.3
13,41.00,1.3540,145.7
13,41.10,1.3577,146.1
13,41.20,1.3614,146.6
13,41.30,1.3649,147.0
13,41.40,1.3681,147.3
13,41.50,1.3711,147.6
13,41.60,1.3739,148.0
13,41.70,1.3774,148.4
13,41.80,1.3814,148.9
13,41.90,1.3852,149.4
13,42.00,1.3881,149.7
13,42.10,1.3908,149.9
13,42.20,1.3938,150.3
13,42.30,1.3975,150.8
13,42.40,1.4014,151.2
13,42.50,1.4045,151.6
13,42.60,1.4077,151.9
13,42.70,1.4113,152.4
13,42.80,1.4148,152.8
13,42.90,1.4181,153.2
13,43.00,1.4212,153.5
13,43.10,1.4242,153.8
13,43.20,1.4274,154.2
13,43.30,1.4312,154.7
13,43.40,1.4352,155.2
13,43.50,1.4387,155.6
13,43.60,1.4414,155.8
13,43.70,1.4441,156.1
13,43.80,1.4472,156.5
13,43.90,1.4509,157.0
13,44.00,1.4544,157.4
13,44.10,1.4576,157.8
13,44.20,1.4609,158.1
13,44.30,1.4644,158.6
13,44.40,1.4678,159.0
13,44.50,1.4712,159.3
13,44.60,1.4744,159.7
13,44.70,1.4776,160.1
13,44.80,1.4811,160.5
13,44.90,1.4853,161.0
13,45.00,1.4890,161.4
13,45.10,1.4918,161.7
13,45.20,1.4943,161.9
13,45.30,1.4970,162.2
13,45.40,1.5002,162.6
13,45.50,1.5040,163.1
13,45.60,1.5076,163.6
13,45.70,1.5109,164.0
13,45.80,1.5145,164.4
13,45.90,1.5184,164.9
13,46.00,1.5219,165.3
13,46.10,1.5250,165.6
13,46.20,1.5279,165.9
13,46.30,1.5309,166.2
13,46.40,1.5345,166.7
13,46.50,1.5384,167.2
13,46.60,1.5417,167.5
13,46.70,1.5445,167.8
13,46.80,1.5472,168.1
13,46.90,1.5501,168.5
13,47.00,1.5537,168.9
13,47.10,1.5574,169.4
13,47.20,1.5607,169.8
13,47.30,1.5641,170.1
13,47.40,1.5679,170.6
13,47.50,1.5715,171.0
13,47.60,1.5749,171.4
13,47.70,1.5780,171.7
13,47.80,1.5809,172.0
13,47.90,1.5840,172.4
13,48.00,1.5878,172.9
13,48.10,1.5920,173.4
13,48.20,1.5954,173.8
13,48.30,1.5981,174.1
13,48.40,1.6008,174.4
13,48.50,1.6039,174.7
13,48.60,1.6076,175.2
13,48.70,1.6111,175.6
13,48.80,1.6143,176.0
13,48.90,1.6177,176.3
13,49.00,1.6212,176.8
13,49.10,1.6246,177.1
13,49.20,1.6279,177.5
13,49.30,1.6310,177.9
13,49.40,1.6341,178.2
13,49.50,1.6375,178.6
13,49.60,1.6414,179.1
13,49.70,1.6453,179.6
13,49.80,1.6483,179.9
13,49.90,1.6509,180.1
13,50.00,1.6538,180.4
13,50.10,1.6573,180.9
13,50.20,1.6609,181.3
13,50.30,1.6640,181.7
13,50.40,1.6672,182.0
13,50.50,1.6707,182.4
13,50.60,1.6744,182.9
13,50.70,1.6779,183.3
13,50.80,1.6813,183.7
13,50.90,1.6845,184.0
13,51.00,1.6876,184.4
13,51.10,1.6913,184.8
13,51.20,1.6954,185.3
13,51.30,1.6989,185.7
13,51.40,1.7016,186.0
13,51.50,1.7042,186.3
13,51.60,1.7071,186.6
13,51.70,1.7107,187.0
13,51.80,1.7143,187.5
13,51.90,1.7175,187.9
13,52.00,1.7209,188.2
13,52.10,1.7246,188.7
13,52.20,1.7282,189.1
13,52.30,1.7316,189.5
13,52.40,1.7347,189.8
13,52.50,1.7378,190.2
13,52.60,1.7411,190.6
13,52.70,1.7450,191.0
13,52.80,1.7486,191.5
13,52.90,1.7516,191.8
13,53.00,1.7542,192.0
13,53.10,1.7569,192.3
13,53.20,1.7601,192.7
13,53.30,1.7639,193.2
13,53.40,1.7675,193.6
13,53.50,1.7709,194.0
13,53.60,1.7745,194.4
13,53.70,1.7782,194.9
13,53.80,1.7816,195.2
13,53.90,1.7849,195.6
13,54.00,1.7879,195.9
13,54.10,1.7908,196.3
13,54.20,1.7942,196.7
13,54.30,1.7981,197.2
13,54.40,1.8020,197.6
13,54.50,1.8049,197.9
13,54.60,1.8075,198.2
13,54.70,1.8105,198.5
13,54.80,1.8140,199.0
13,54.90,1.8179,199.4
13,55.00,1.8211,199.8
13,55.10,1.8244,200.2
13,55.20,1.8281,200.6
13,55.30,1.8316,201.0
13,55.40,1.8349,201.4
13,55.50,1.8379,201.7
13,55.60,1.8408,202.0
13,55.70,1.8439,202.4
13,55.80,1.8476,202.8
13,55.90,1.8517,203.4
13,56.00,1.8552,203.7
13,56.10,1.8580,204.0
13,56.20,1.8606,204.3
13,56.30,1.8636,204.7
13,56.40,1.8674,205.1
13,56.50,1.8710,205.5
13,56.60,1.8740,205.9
13,56.70,1.8775,206.3
13,56.80,1.8811,206.7
13,56.90,1.8846,207.1
13,57.00,1.8881,207.5
13,57.10,1.8912,207.9
13,57.20,1.8943,208.2
13,57.30,1.8978,208.6
13,57.40,1.9018,209.1
13,57.50,1.9056,209.5
13,57.60,1.9085,209.8
13,57.70,1.9111,210.1
13,57.80,1.9139,210.4
13,57.90,1.9171,210.8
13,58.00,1.9208,211.2
13,58.10,1.9243,211.7
13,58.20,1.9275,212.0
13,58.30,1.9311,212.5
13,58.40,1.9347,212.9
13,58.50,1.9383,213.3
13,58.60,1.9415,213.6
13,58.70,1.9444,213.9
13,58.80,1.9474,214.3
13,58.90,1.9510,214.7
13,59.00,1.9549,215.2
13,59.10,1.9584,215.6
13,59.20,1.9612,215.9
13,59.30,1.9639,216.1
13,59.40,1.9668,216.5
13,59.50,1.9703,216.9
13,59.60,1.9739,217.3
13,59.70,1.9773,217.7
13,59.80,1.9807,218.1
13,59.90,1.9846,218.6
13,60.00,1.9882,219.0
13,60.10,1.9916,219.4
13,60.20,1.9948,219.7
13,60.30,1.9977,220.0
13,60.40,2.0008,220.4
13,60.50,2.0046,220.8
13,60.60,2.0087,221.3
13,60.70,2.0120,221.7
13,60.80,2.0145,221.9
13,60.90,2.0173,222.2
13,61.00,2.0205,222.6
13,61.10,2.0243,223.1
13,61.20,2.0279,223.5
13,61.30,2.0311,223.8
13,61.40,2.0345,224.2
13,61.50,2.0380,224.7
13,61.60,2.0413,225.0
13,61.70,2.0446,225.4
13,61.80,2.0477,225.7
13,61.90,2.0508,226.1
13,62.00,2.0543,226.5
13,62.10,2.0582,227.0
13,62.20,2.0620,227.4
13,62.30,2.0650,227.7
13,62.40,2.0676,228.0
13,62.50,2.0705,228.3
13,62.60,2.0739,228.7
13,62.70,2.0778,229.2
13,62.80,2.0810,229.5
13,62.90,2.0841,229.9
13,63.00,2.0875,230.3
13,63.10,2.0911,230.7
13,63.20,2.0946,231.1
13,63.30,2.0979,231.5
13,63.40,2.1010,231.8
13,63.50,2.1043,232.2
13,63.60,2.1082,232.6
13,63.70,2.1122,233.1
13,63.80,2.1156,233.5
13,63.90,2.1182,233.7
13,64.00,2.1208,234.0
13,64.10,2.1237,234.3
13,64.20,2.1272,234.8
13,64.30,2.1309,235.2
13,64.40,2.1342,235.6
13,64.50,2.1375,236.0
13,64.60,2.1411,236.4
13,64.70,2.1446,236.8
13,64.80,2.1481,237.2
13,64.90,2.1512,237.5
13,65.00,2.1542,237.8
13,65.10,2.1576,238.2
13,65.20,2.1615,238.7
13,65.30,2.1652,239.1
13,65.40,2.1682,239.4
13,65.50,2.1708,239.7
13,65.60,2.1736,240.0
13,65.70,2.1768,240.4
13,65.80,2.1807,240.8
13,65.90,2.1843,241.3
13,66.00,2.1876,241.6
13,66.10,2.1912,242.1
13,66.20,2.1949,242.5
13,66.30,2.1984,242.9
13,66.40,2.2018,243.3
13,66.50,2.2048,243.6
13,66.60,2.2077,243.9
13,66.70,2.2110,244.3
13,66.80,2.2149,244.7
13,66.90,2.2187,245.2
13,67.00,2.2215,245.5
13,67.10,2.2240,245.7
13,67.20,2.2269,246.0
13,67.30,2.2303,246.4
13,67.40,2.2342,246.9
13,67.50,2.2377,247.3
13,67.60,2.2411,247.7
13,67.70,2.2447,248.1
13,67.80,2.2483,248.5
13,67.90,2.2515,248.9
13,68.00,2.2545,249.2
13,68.10,2.2574,249.5
13,68.20,2.2606,249.8
13,68.30,2.2642,250.3
13,68.40,2.2683,250.8
13,68.50,2.2718,251.2
13,68.60,2.2746,251.4
13,68.70,2.2772,251.7
13,68.80,2.2804,252.0
13,68.90,2.2841,252.5
13,69.00,2.2878,252.9
13,69.10,2.2911,253.3
13,69.20,2.2944,253.7
13,69.30,2.2979,254.1
13,69.40,2.3013,254.5
13,69.50,2.3047,254.8
13,69.60,2.3078,255.2
13,69.70,2.3109,255.5
13,69.80,2.3142,255.9
13,69.90,2.3183,256.4
13,70.00,2.3223,256.9
13,70.10,2.3252,257.1
13,70.20,2.3277,257.4
13,70.30,2.3304,257.7
13,70.40,2.3335,258.0
13,70.50,2.3373,258.5
13,70.60,2.3407,258.9
13,70.70,2.3439,259.2
13,70.80,2.3476,259.7
13,70.90,2.3514,260.2
13,71.00,2.3549,260.5
13,71.10,2.3583,260.9
13,71.20,2.3613,261.2
13,71.30,2.3644,261.5
13,71.40,2.3680,261.9
13,71.50,2.3721,262.4
13,71.60,2.3755,262.8
13,71.70,2.3781,263.1
13,71.80,2.3806,263.3
13,71.90,2.3836,263.6
13,72.00,2.3871,264.1
13,72.10,2.3909,264.5
13,72.20,2.3942,264.9
13,72.30,2.3976,265.3
13,72.40,2.4013,265.7
13,72.50,2.4050,266.1
13,72.60,2.4084,266.5
13,72.70,2.4115,266.8
13,72.80,2.4144,267.1
13,72.90,2.4176,267.5
13,73.00,2.4213,267.9
13,73.10,2.4252,268.4
13,73.20,2.4284,268.7
13,73.30,2.4310,269.0
13,73.40,2.4337,269.3
13,73.50,2.4368,269.6
13,73.60,2.4406,270.1
13,73.70,2.4444,270.5
13,73.80,2.4476,270.9
13,73.90,2.4510,271.2
13,74.00,2.4546,271.6
13,74.10,2.4580,272.0
13,74.20,2.4613,272.4
13,74.30,2.4644,272.7
13,74.40,2.4674,273.0
13,74.50,2.4708,273.4
13,74.60,2.4747,273.9
13,74.70,2.4787,274.4
13,74.80,2.4817,274.7
13,74.90,2.4843,274.9
13,75.00,2.4871,275.2
13,75.10,2.4907,275.6
13,75.20,2.4945,276.1
13,75.30,2.4978,276.4
13,75.40,2.5011,276.8
13,75.50,2.5045,277.2
13,75.60,2.5080,277.6
13,75.70,2.5114,278.0
13,75.80,2.5147,278.4
13,75.90,2.5178,278.7
13,76.00,2.5209,279.0
13,76.10,2.5246,279.4
13,76.20,2.5287,279.9
13,76.30,2.5321,280.3
13,76.40,2.5348,280.6
13,76.50,2.5373,280.8
13,76.60,2.5402,281.1
13,76.70,2.5437,281.5
13,76.80,2.5474,282.0
13,76.90,2.5507,282.3
13,77.00,2.5541,282.7
13,77.10,2.5577,283.2
13,77.20,2.5614,283.6
13,77.30,2.5647,283.9
13,77.40,2.5680,284.3
13,77.50,2.5710,284.6
13,77.60,2.5743,285.0
13,77.70,2.5782,285.4
13,77.80,2.5822,285.9
13,77.90,2.5851,286.2
13,78.00,2.5876,286.4
13,78.10,2.5903,286.7
13,78.20,2.5935,287.0
13,78.30,2.5973,287.5
13,78.40,2.6009,287.9
13,78.50,2.6041,288.3
13,78.60,2.6077,288.7
13,78.70,2.6114,289.1
13,78.80,2.6149,289.5
13,78.90,2.6182,289.9
13,79.00,2.6213,290.2
13,79.10,2.6242,290.5
13,79.20,2.6275,290.9
13,79.30,2.6314,291.3
13,79.40,2.6350,291.7
13,79.50,2.6379,292.0
13,79.60,2.6407,292.3
13,79.70,2.6436,292.6
13,79.80,2.6471,293.0
13,79.90,2.6511,293.5
13,80.00,2.6545,293.8
13,80.10,2.6578,294.2
13,80.20,2.6614,294.6
13,80.30,2.6650,295.0
13,80.40,2.6682,295.4
13,80.50,2.6712,295.7
13,80.60,2.6742,296.0
13,80.70,2.6774,296.3
13,80.80,2.6811,296.8
13,80.90,2.6853,297.3
13,81.00,2.6888,297.7
13,81.10,2.6914,297.9
13,81.20,2.6941,298.2
13,81.30,2.6973,298.5
13,81.40,2.7010,298.9
13,81.50,2.7045,299.3
13,81.60,2.7076,299.7
13,81.70,2.7109,300.0
13,81.80,2.7145,300.4
13,81.90,2.7180,300.9
13,82.00,2.7213,301.2
13,82.10,2.7244,301.6
13,82.20,2.7274,301.9
13,82.30,2.7308,302.2
13,82.40,2.7348,302.7
13,82.50,2.7389,303.2
13,82.60,2.7419,303.5
13,82.70,2.7444,303.7
13,82.80,2.7471,304.0
13,82.90,2.7502,304.3
13,83.00,2.7539,304.7
13,83.10,2.7574,305.1
13,83.20,2.7607,305.5
13,83.30,2.7642,305.9
13,83.40,2.7679,306.4
13,83.50,2.7715,306.8
13,83.60,2.7749,307.1
13,83.70,2.7779,307.4
13,83.80,2.7810,307.7
13,83.90,2.7847,308.2
13,84.00,2.7887,308.6
13,84.10,2.7920,309.0
13,84.20,2.7946,309.2
13,84.30,2.7972,309.5
13,84.40,2.8002,309.8
13,84.50,2.8039,310.2
13,84.60,2.8077,310.7
13,84.70,2.8111,311.1
13,84.80,2.8144,311.4
13,84.90,2.8179,311.8
13,85.00,2.8213,312.2
13,85.10,2.8247,312.6
13,85.20,2.8280,312.9
13,85.30,2.8309,313.2
13,85.40,2.8341,313.5
13,85.50,2.8377,314.0
13,85.60,2.8417,314.4
13,85.70,2.8452,314.8
13,85.80,2.8479,315.1
13,85.90,2.8506,315.3
13,86.00,2.8538,315.7
13,86.10,2.8576,316.1
13,86.20,2.8613,316.6
13,86.30,2.8645,316.9
13,86.40,2.8678,317.2
13,86.50,2.8712,317.6
13,86.60,2.8745,318.0
13,86.70,2.8777,318.3
13,86.80,2.8807,318.6
13,86.90,2.8839,319.0
13,87.00,2.8874,319.3
13,87.10,2.8914,319.8
13,87.20,2.8954,320.3
13,87.30,2.8985,320.6
13,87.40,2.9011,320.9
13,87.50,2.9040,321.1
13,87.60,2.9074,321.5
13,87.70,2.9112,322.0
13,87.80,2.9144,322.3
13,87.90,2.9174,322.6
13,88.00,2.9208,323.0
13,88.10,2.9242,323.4
13,88.20,2.9277,323.8
13,88.30,2.9311,324.2
13,88.40,2.9342,324.5
13,88.50,2.9374,324.8
13,88.60,2.9411,325.3
13,88.70,2.9453,325.7
13,88.80,2.9488,326.1
13,88.90,2.9515,326.3
13,89.00,2.9541,326.6
13,89.10,2.9570,326.9
13,89.20,2.9605,327.3
13,89.30,2.9642,327.7
13,89.40,2.9675,328.1
13,89.50,2.9710,328.5
13,89.60,2.9746,328.9
13,89.70,2.9782,329.3
13,89.80,2.9816,329.7
13,89.90,2.9849,330.0
13,90.00,2.9879,330.3
13,90.10,2.9912,330.7
13,90.20,2.9950,331.1
13,90.30,2.9987,331.5
13,90.40,3.0017,331.8
13,90.50,3.0043,332.1
13,90.60,3.0071,332.3
13,90.70,3.0104,332.7
13,90.80,3.0142,333.1
13,90.90,3.0177,333.5
13,91.00,3.0210,333.9
13,91.10,3.0246,334.3
13,91.20,3.0282,334.7
13,91.30,3.0315,335.0
13,91.40,3.0347,335.4
13,91.50,3.0376,335.6
13,91.60,3.0406,336.0
13,91.70,3.0441,336.3
13,91.80,3.0481,336.8
13,91.90,3.0519,337.3
13,92.00,3.0548,337.5
13,92.10,3.0573,337.8
13,92.20,3.0602,338.1
13,92.30,3.0637,338.5
13,92.40,3.0676,338.9
13,92.50,3.0710,339.3
13,92.60,3.0744,339.7
13,92.70,3.0780,340.0
13,92.80,3.0815,340.4
13,92.90,3.0848,340.8
13,93.00,3.0879,341.1
13,93.10,3.0909,341.4
13,93.20,3.0942,341.8
13,93.30,3.0980,342.2
13,93.40,3.1020,342.7
13,93.50,3.1054,343.0
13,93.60,3.1081,343.3
13,93.70,3.1107,343.5
13,93.80,3.1138,343.8
13,93.90,3.1175,344.3
13,94.00,3.1212,344.7
13,94.10,3.1243,345.0
13,94.20,3.1275,345.3
13,94.30,3.1310,345.7
13,94.40,3.1346,346.1
13,94.50,3.1379,346.5
13,94.60,3.1411,346.8
13,94.70,3.1442,347.1
13,94.80,3.1476,347.5
13,94.90,3.1516,348.0
13,95.00,3.1555,348.4
13,95.10,3.1585,348.7
13,95.20,3.1609,348.9
13,95.30,3.1635,349.1
13,95.40,3.1667,349.5
13,95.50,3.1706,350.0
13,95.60,3.1743,350.4
13,95.70,3.1776,350.7
13,95.80,3.1811,351.1
13,95.90,3.1847,351.5
13,96.00,3.1884,351.9
13,96.10,3.1917,352.3
13,96.20,3.1947,352.6
13,96.30,3.1978,352.9
13,96.40,3.2014,353.3
13,96.50,3.2053,353.7
13,96.60,3.2087,354.1
13,96.70,3.2113,354.3
13,96.80,3.2139,354.5
13,96.90,3.2168,354.8
13,97.00,3.2203,355.2
13,97.10,3.2241,355.7
13,97.20,3.2274,356.0
13,97.30,3.2308,356.4
13,97.40,3.2345,356.8
13,97.50,3.2380,357.2
13,97.60,3.2414,357.5
13,97.70,3.2445,357.8
13,97.80,3.2474,358.1
13,97.90,3.2505,358.4
13,98.00,3.2543,358.9
13,98.10,3.2585,359.4
13,98.20,3.2618,359.7
13,98.30,3.2644,359.9
13,98.40,3.2671,360.2
13,98.50,3.2703,360.5
13,98.60,3.2742,361.0
13,98.70,3.2779,361.4
13,98.80,3.2811,361.7
13,98.90,3.2845,362.1
13,99.00,3.2881,362.5
13,99.10,3.2914,362.8
13,99.20,3.2947,363.2
13,99.30,3.2978,363.5
13,99.40,3.3010,363.8
13,99.50,3.3046,364.2
13,99.60,3.3087,364.7
13,99.70,3.3124,365.1
13,99.80,3.3152,365.4
13,99.90,3.3177,365.6
13,100.00,3.3205,365.8
13,100.10,3.3240,366.2
13,100.20,3.3277,366.6
13,100.30,3.3308,367.0
13,100.40,3.3340,367.3
13,100.50,3.3376,367.7
13,100.60,3.3411,368.1
13,100.70,3.3445,368.4
13,100.80,3.3478,368.8
13,100.90,3.3510,369.1
13,101.00,3.3541,369.4
13,101.10,3.3578,369.8
13,101.20,3.3620,370.3
13,101.30,3.3655,370.6
13,101.40,3.3681,370.9
13,101.50,3.3706,371.1
13,101.60,3.3735,371.4
13,101.70,3.3771,371.8
13,101.80,3.3810,372.2
13,101.90,3.3843,372.6
13,102.00,3.3876,372.9
13,102.10,3.3913,373.4
13,102.20,3.3949,373.7
13,102.30,3.3984,374.1
13,102.40,3.4015,374.4
13,102.50,3.4045,374.7
13,102.60,3.4077,375.0
13,102.70,3.4116,375.4
13,102.80,3.4154,375.9
13,102.90,3.4184,376.2
13,103.00,3.4209,376.4
13,103.10,3.4237,376.6
13,103.20,3.4269,377.0
13,103.30,3.4305,377.4
13,103.40,3.4341,377.8
13,103.50,3.4375,378.1
13,103.60,3.4409,378.5
13,103.70,3.4446,378.9
13,103.80,3.4481,379.3
13,103.90,3.4514,379.6
13,104.00,3.4544,379.9
13,104.10,3.4573,380.2
13,104.20,3.4608,380.6
13,104.30,3.4649,381.0
13,104.40,3.4687,381.4
13,104.50,3.4715,381.7
13,104.60,3.4741,381.9
13,104.70,3.4770,382.2
13,104.80,3.4805,382.6
13,104.90,3.4845,383.0
13,105.00,3.4880,383.4
13,105.10,3.4913,383.8
13,105.20,3.4948,384.1
13,105.30,3.4981,384.4
13,105.40,3.5015,384.8
13,105.50,3.5047,385.1
13,105.60,3.5077,385.4
13,105.70,3.5108,385.7
13,105.80,3.5144,386.1
13,105.90,3.5185,386.6
13,106.00,3.5220,386.9
13,106.10,3.5247,387.2
13,106.20,3.5273,387.4
13,106.30,3.5304,387.7
13,106.40,3.5340,388.1
13,106.50,3.5375,388.5
13,106.60,3.5406,388.8
13,106.70,3.5439,389.1
13,106.80,3.5475,389.5
13,106.90,3.5510,389.9
13,107.00,3.5544,390.3
13,107.10,3.5577,390.6
13,107.20,3.5609,390.9
13,107.30,3.5642,391.3
13,107.40,3.5683,391.7
13,107.50,3.5724,392.2
13,107.60,3.5753,392.4
13,107.70,3.5777,392.6
13,107.80,3.5804,392.9
13,107.90,3.5837,393.2
13,108.00,3.5875,393.7
13,108.10,3.5910,394.0
13,108.20,3.5943,394.4
13,108.30,3.5979,394.7
13,108.40,3.6016,395.1
13,108.50,3.6051,395.5
13,108.60,3.6083,395.8
13,108.70,3.6113,396.1
13,108.80,3.6143,396.4
13,108.90,3.6180,396.8
13,109.00,3.6220,397.2
13,109.10,3.6253,397.6
13,109.20,3.6280,397.8
13,109.30,3.6306,398.0
13,109.40,3.6336,398.3
13,109.50,3.6372,398.7
13,109.60,3.6409,399.1
13,109.70,3.6442,399.5
13,109.80,3.6476,399.8
13,109.90,3.6513,400.2
13,110.00,3.6548,400.6
13,110.10,3.6581,400.9
13,110.20,3.6612,401.2
13,110.30,3.6640,401.5
13,110.40,3.6672,401.8
13,110.50,3.6710,402.2
13,110.60,3.6752,402.7
13,110.70,3.6785,403.0
13,110.80,3.6812,403.2
13,110.90,3.6839,403.5
13,111.00,3.6872,403.8
13,111.10,3.6911,404.2
13,111.20,3.6947,404.6
13,111.30,3.6979,404.9
13,111.40,3.7014,405.3
13,111.50,3.7048,405.6
13,111.60,3.7081,406.0
13,111.70,3.7114,406.3
13,111.80,3.7143,406.6
13,111.90,3.7173,406.8
13,112.00,3.7207,407.2
13,112.10,3.7247,407.6
13,112.20,3.7286,408.1
13,112.30,3.7316,408.3
13,112.40,3.7342,408.6
13,112.50,3.7371,408.8
13,112.60,3.7405,409.2
13,112.70,3.7444,409.6
13,112.80,3.7477,409.9
13,112.90,3.7507,410.2
13,113.00,3.7542,410.6
13,113.10,3.7577,410.9
13,113.20,3.7611,411.3
13,113.30,3.7644,411.6
13,113.40,3.7676,411.9
13,113.50,3.7707,412.2
13,113.60,3.7745,412.7
13,113.70,3.7788,413.1
13,113.80,3.7824,413.5
13,113.90,3.7850,413.7
13,114.00,3.7875,413.9
13,114.10,3.7904,414.2
13,114.20,3.7940,414.6
13,114.30,3.7977,415.0
13,114.40,3.8010,415.3
13,114.50,3.8044,415.6
13,114.60,3.8081,416.0
13,114.70,3.8116,416.4
13,114.80,3.8149,416.7
13,114.90,3.8179,417.0
13,115.00,3.8210,417.3
13,115.10,3.8243,417.6
13,115.20,3.8281,418.0
13,115.30,3.8318,418.4
13,115.40,3.8348,418.7
13,115.50,3.8374,418.9
13,115.60,3.8402,419.1
13,115.70,3.8433,419.5
13,115.80,3.8472,419.9
13,115.90,3.8509,420.3
13,116.00,3.8543,420.6
13,116.10,3.8578,421.0
13,116.20,3.8613,421.3
13,116.30,3.8648,421.6
13,116.40,3.8681,422.0
13,116.50,3.8711,422.3
13,116.60,3.8741,422.5
13,116.70,3.8775,422.9
13,116.80,3.8816,423.3
13,116.90,3.8854,423.7
13,117.00,3.8882,424.0
13,117.10,3.8909,424.2
13,117.20,3.8937,424.5
13,117.30,3.8972,424.8
13,117.40,3.9012,425.2
13,117.50,3.9046,425.6
13,117.60,3.9079,425.9
13,117.70,3.9113,426.3
13,117.80,3.9149,426.6
13,117.90,3.9182,427.0
13,118.00,3.9213,427.3
13,118.10,3.9243,427.5
13,118.20,3.9275,427.8
13,118.30,3.9314,428.2
13,118.40,3.9354,428.7
13,118.50,3.9386,429.0
13,118.60,3.9412,429.2
13,118.70,3.9439,429.4
13,118.80,3.9470,429.7
13,118.90,3.9506,430.1
13,119.00,3.9543,430.5
13,119.10,3.9574,430.8
13,119.20,3.9608,431.1
13,119.30,3.9643,431.5
13,119.40,3.9679,431.8
13,119.50,3.9712,432.2
13,119.60,3.9744,432.5
13,119.70,3.9775,432.7
13,119.80,3.9809,433.1
13,119.90,3.9851,433.5
13,120.00,3.9891,433.9
13,120.10,3.9921,434.2
13,120.20,3.9945,434.4
13,120.30,3.9971,434.6
13,120.40,4.0003,434.9
13,120.50,4.0041,435.3
13,120.60,4.0076,435.7
13,120.70,4.0109,436.0
13,120.80,4.0143,436.3
13,120.90,4.0180,436.7
13,121.00,4.0216,437.0
13,121.10,4.0249,437.4
13,121.20,4.0278,437.6
13,121.30,4.0310,437.9
13,121.40,4.0347,438.3
13,121.50,4.0387,438.7
13,121.60,4.0419,439.0
13,121.70,4.0445,439.2
13,121.80,4.0472,439.5
13,121.90,4.0501,439.7
13,122.00,4.0537,440.1
13,122.10,4.0576,440.5
13,122.20,4.0609,440.8
13,122.30,4.0641,441.1
13,122.40,4.0677,441.5
13,122.50,4.0713,441.8
13,122.60,4.0748,442.2
13,122.70,4.0780,442.5
13,122.80,4.0810,442.7
13,122.90,4.0842,443.0
13,123.00,4.0880,443.4
13,123.10,4.0921,443.9
13,123.20,4.0953,444.2
13,123.30,4.0979,444.4
13,123.40,4.1005,444.6
13,123.50,4.1036,444.9
13,123.60,4.1075,445.3
13,123.70,4.1112,445.6
13,123.80,4.1145,445.9
13,123.90,4.1179,446.3
13,124.00,4.1213,446.6
13,124.10,4.1246,446.9
13,124.20,4.1279,447.2
13,124.30,4.1309,447.5
13,124.40,4.1341,447.8
13,124.50,4.1375,448.1
13,124.60,4.1415,448.5
13,124.70,4.1454,448.9
13,124.80,4.1483,449.2
13,124.90,4.1509,449.4
13,125.00,4.1537,449.6
13,125.10,4.1571,449.9
13,125.20,4.1608,450.3
13,125.30,4.1641,450.6
13,125.40,4.1673,450.9
13,125.50,4.1708,451.2
13,125.60,4.1743,451.6
13,125.70,4.1778,451.9
13,125.80,4.1812,452.3
13,125.90,4.1844,452.6
13,126.00,4.1877,452.9
13,126.10,4.1915,453.3
13,126.20,4.1956,453.7
13,126.30,4.1989,454.0
13,126.40,4.2014,454.1
13,126.50,4.2039,454.3
13,126.60,4.2069,454.6
13,126.70,4.2105,455.0
13,126.80,4.2144,455.4
13,126.90,4.2178,455.7
13,127.00,4.2211,456.0
13,127.10,4.2247,456.4
13,127.20,4.2283,456.7
13,127.30,4.2317,457.0
13,127.40,4.2348,457.3
13,127.50,4.2378,457.5
13,127.60,4.2411,457.8
13,127.70,4.2448,458.2
13,127.80,4.2486,458.6
13,127.90,4.2516,458.8
13,128.00,4.2542,459.0
13,128.10,4.2569,459.3
13,128.20,4.2601,459.5
13,128.30,4.2638,459.9
13,128.40,4.2675,460.3
13,128.50,4.2709,460.6
13,128.60,4.2744,460.9
13,128.70,4.2782,461.3
13,128.80,4.2816,461.6
13,128.90,4.2848,461.9
13,129.00,4.2878,462.2
13,129.10,4.2908,462.4
13,129.20,4.2943,462.8
13,129.30,4.2984,463.2
13,129.40,4.3021,463.6
13,129.50,4.3048,463.8
13,129.60,4.3074,464.0
13,129.70,4.3103,464.2
13,129.80,4.3138,464.5
13,129.90,4.3178,464.9
13,130.00,4.3213,465.3
13,130.10,4.3246,465.6
13,130.20,4.3281,465.9
13,130.30,4.3314,466.2
13,130.40,4.3347,466.5
13,130.50,4.3379,466.8
13,130.60,4.3409,467.0
13,130.70,4.3441,467.3
13,130.80,4.3478,467.7
13,130.90,4.3520,468.1
13,131.00,4.3553,468.4
13,131.10,4.3579,468.6
13,131.20,4.3606,468.8
13,131.30,4.3638,469.1
13,131.40,4.3675,469.4
13,131.50,4.3709,469.7
13,131.60,4.3740,470.0
13,131.70,4.3773,470.3
13,131.80,4.3809,470.7
13,131.90,4.3844,471.0
13,132.00,4.3880,471.3
13,132.10,4.3913,471.6
13,132.20,4.3944,471.9
13,132.30,4.3979,472.2
13,132.40,4.4020,472.6
13,132.50,4.4059,473.0
13,132.60,4.4086,473.2
13,132.70,4.4109,473.4
13,132.80,4.4136,473.5
13,132.90,4.4169,473.8
13,133.00,4.4208,474.2
13,133.10,4.4244,474.6
13,133.20,4.4276,474.9
13,133.30,4.4310,475.2
13,133.40,4.4346,475.5
13,133.50,4.4382,475.9
13,133.60,4.4415,476.1
13,133.70,4.4444,476.4
13,133.80,4.4475,476.6
13,133.90,4.4510,476.9
13,134.00,4.4550,477.3
13,134.10,4.4584,477.6
13,134.20,4.4611,477.8
13,134.30,4.4637,478.1
13,134.40,4.4667,478.3
13,134.50,4.4703,478.6
13,134.60,4.4742,479.0
13,134.70,4.4777,479.4
13,134.80,4.4811,479.7
13,134.90,4.4846,480.0
13,135.00,4.4881,480.3
13,135.10,4.4916,480.6
13,135.20,4.4948,480.8
13,135.30,4.4976,481.1
13,135.40,4.5007,481.3
13,135.50,4.5044,481.7
13,135.60,4.5086,482.1
13,135.70,4.5119,482.4
13,135.80,4.5145,482.6
13,135.90,4.5172,482.8
13,136.00,4.5204,483.0
13,136.10,4.5243,483.4
13,136.20,4.5280,483.8
13,136.30,4.5314,484.1
13,136.40,4.5347,484.3
13,136.50,4.5380,484.6
13,136.60,4.5413,484.9
13,136.70,4.5446,485.2
13,136.80,4.5477,485.5
13,136.90,4.5507,485.7
13,137.00,4.5541,486.0
13,137.10,4.5582,486.4
13,137.20,4.5620,486.8
13,137.30,4.5650,487.0
13,137.40,4.5676,487.2
13,137.50,4.5705,487.4
13,137.60,4.5739,487.7
13,137.70,4.5777,488.1
13,137.80,4.5809,488.3
13,137.90,4.5841,488.6
13,138.00,4.5876,488.9
13,138.10,4.5911,489.2
13,138.20,4.5946,489.5
13,138.30,4.5979,489.8
13,138.40,4.6011,490.1
13,138.50,4.6044,490.4
13,138.60,4.6081,490.7
13,138.70,4.6121,491.1
13,138.80,4.6155,491.4
13,138.90,4.6181,491.5
13,139.00,4.6207,491.7
13,139.10,4.6235,491.9
13,139.20,4.6270,492.2
13,139.30,4.6308,492.6
13,139.40,4.6342,492.9
13,139.50,4.6376,493.2
13,139.60,4.6412,493.5
13,139.70,4.6447,493.8
13,139.80,4.6482,494.1
13,139.90,4.6513,494.4
13,140.00,4.6543,494.6
13,140.10,4.6577,494.9
13,140.20,4.6617,495.2
13,140.30,4.6653,495.5
13,140.40,4.6681,495.7
13,140.50,4.6707,495.9
13,140.60,4.6736,496.1
13,140.70,4.6768,496.4
13,140.80,4.6807,496.8
13,140.90,4.6843,497.1
13,141.00,4.6877,497.3
13,141.10,4.6912,497.7
13,141.20,4.6948,498.0
13,141.30,4.6983,498.3
13,141.40,4.7017,498.5
13,141.50,4.7046,498.8
13,141.60,4.7076,499.0
13,141.70,4.7110,499.3
13,141.80,4.7150,499.7
13,141.90,4.7189,500.0
13,142.00,4.7217,500.2
13,142.10,4.7241,500.3
13,142.20,4.7270,500.5
13,142.30,4.7306,500.9
13,142.40,4.7344,501.2
13,142.50,4.7377,501.5
13,142.60,4.7409,501.7
13,142.70,4.7444,502.0
13,142.80,4.7480,502.3
13,142.90,4.7512,502.6
13,143.00,4.7543,502.8
13,143.10,4.7573,503.0
13,143.20,4.7606,503.3
13,143.30,4.7643,503.6
13,143.40,4.7685,504.0
13,143.50,4.7720,504.3
13,143.60,4.7747,504.5
13,143.70,4.7774,504.6
13,143.80,4.7804,504.8
13,143.90,4.7840,505.2
13,144.00,4.7877,505.5
13,144.10,4.7910,505.7
13,144.20,4.7942,506.0
13,144.30,4.7977,506.3
13,144.40,4.8012,506.6
13,144.50,4.8046,506.8
13,144.60,4.8078,507.1
13,144.70,4.8110,507.3
13,144.80,4.8144,507.6
13,144.90,4.8185,508.0
13,145.00,4.8224,508.3
13,145.10,4.8252,508.5
13,145.20,4.8277,508.6
13,145.30,4.8304,508.8
13,145.40,4.8336,509.1
13,145.50,4.8373,509.4
13,145.60,4.8408,509.7
13,145.70,4.8441,509.9
13,145.80,4.8475,510.2
13,145.90,4.8513,510.5
13,146.00,4.8550,510.8
13,146.10,4.8582,511.1
13,146.20,4.8613,511.3
13,146.30,4.8644,511.5
13,146.40,4.8680,511.8
13,146.50,4.8720,512.2
13,146.60,4.8753,512.4
13,146.70,4.8780,512.6
13,146.80,4.8806,512.7
13,146.90,4.8835,512.9
13,147.00,4.8870,513.2
13,147.10,4.8909,513.6
13,147.20,4.8943,513.8
13,147.30,4.8977,514.1
13,147.40,4.9014,514.4
13,147.50,4.9049,514.7
13,147.60,4.9083,514.9
13,147.70,4.9115,515.2
13,147.80,4.9144,515.4
13,147.90,4.9175,515.6
13,148.00,4.9212,515.9
13,148.10,4.9252,516.2
13,148.20,4.9284,516.5
13,148.30,4.9310,516.6
13,148.40,4.9337,516.8
13,148.50,4.9369,517.0
13,148.60,4.9409,517.4
13,148.70,4.9446,517.7
13,148.80,4.9478,517.9
13,148.90,4.9511,518.1
13,149.00,4.9546,518.4
13,149.10,4.9579,518.6
13,149.20,4.9611,518.9
13,149.30,4.9642,519.1
13,149.40,4.9672,519.3
13,149.50,4.9707,519.6
13,149.60,4.9748,519.9
13,149.70,4.9788,520.2
13,149.80,4.9817,520.4
13,149.90,4.9843,520.6
13,150.00,4.9871,520.7
13,150.10,4.9905,521.0
13,150.20,4.9945,521.3
13,150.30,4.9979,521.6
13,150.40,5.0010,521.8
13,150.50,5.0044,522.0
13,150.60,5.0080,522.3
13,150.70,5.0114,522.6
13,150.80,5.0146,522.8
13,150.90,5.0177,523.0
13,151.00,5.0209,523.2
13,151.10,5.0247,523.5
13,151.20,5.0288,523.9
13,151.30,5.0322,524.1
13,151.40,5.0347,524.2
13,151.50,5.0373,524.3
13,151.60,5.0402,524.5
13,151.70,5.0437,524.8
13,151.80,5.0475,525.1
13,151.90,5.0508,525.3
13,152.00,5.0542,525.6
13,152.10,5.0577,525.8
13,152.20,5.0614,526.1
13,152.30,5.0649,526.4
13,152.40,5.0681,526.6
13,152.50,5.0710,526.8
13,152.60,5.0743,527.0
13,152.70,5.0782,527.3
13,152.80,5.0819,527.6
13,152.90,5.0848,527.7
13,153.00,5.0875,527.9
13,153.10,5.0903,528.0
13,153.20,5.0936,528.2
13,153.30,5.0974,528.6
13,153.40,5.1009,528.8
13,153.50,5.1042,529.0
13,153.60,5.1077,529.3
13,153.70,5.1113,529.6
13,153.80,5.1148,529.8
13,153.90,5.1181,530.0
13,154.00,5.1212,530.2
13,154.10,5.1242,530.4
13,154.20,5.1276,530.6
13,154.30,5.1315,530.9
13,154.40,5.1353,531.2
13,154.50,5.1382,531.4
13,154.60,5.1408,531.5
13,154.70,5.1436,531.6
13,154.80,5.1471,531.9
13,154.90,5.1511,532.2
13,155.00,5.1545,532.4
13,155.10,5.1578,532.6
13,155.20,5.1612,532.9
13,155.30,5.1647,533.1
13,155.40,5.1680,533.3
13,155.50,5.1712,533.5
13,155.60,5.1744,533.7
13,155.70,5.1776,533.9
13,155.80,5.1813,534.2
13,155.90,5.1854,534.5
13,156.00,5.1887,534.7
13,156.10,5.1914,534.8
13,156.20,5.1941,535.0
13,156.30,5.1972,535.1
13,156.40,5.2009,535.4
13,156.50,5.2046,535.6
13,156.60,5.2077,535.8
13,156.70,5.2109,536.0
13,156.80,5.2144,536.3
13,156.90,5.2179,536.5
13,157.00,5.2212,536.7
13,157.10,5.2243,536.9
13,157.20,5.2274,537.1
13,157.30,5.2309,537.3
13,157.40,5.2349,537.6
13,157.50,5.2390,537.9
13,157.60,5.2419,538.0
13,157.70,5.2444,538.1
13,157.80,5.2471,538.2
13,157.90,5.2502,538.4
13,158.00,5.2540,538.7
13,158.10,5.2575,538.9
13,158.20,5.2608,539.1
13,158.30,5.2643,539.3
13,158.40,5.2680,539.6
13,158.50,5.2715,539.8
13,158.60,5.2749,540.0
13,158.70,5.2780,540.2
13,158.80,5.2811,540.3
13,158.90,5.2846,540.6
13,159.00,5.2887,540.8
13,159.10,5.2920,541.1
13,159.20,5.2945,541.1
13,159.30,5.2971,541.2
13,159.40,5.3001,541.4
13,159.50,5.3036,541.6
13,159.60,5.3075,541.9
13,159.70,5.3110,542.1
13,159.80,5.3145,542.3
13,159.90,5.3181,542.5
13,160.00,5.3215,542.7
13,160.10,5.3250,542.9
13,160.20,5.3281,543.1
13,160.30,5.3310,543.2
13,160.40,5.3341,543.4
13,160.50,5.3377,543.6
13,160.60,5.3417,543.9
13,160.70,5.3450,544.1
13,160.80,5.3477,544.2
13,160.90,5.3504,544.3
13,161.00,5.3535,544.4
13,161.10,5.3573,544.7
13,161.20,5.3612,544.9
13,161.30,5.3646,545.1
13,161.40,5.3681,545.3
13,161.50,5.3715,545.5
13,161.60,5.3748,545.7
13,161.70,5.3780,545.9
13,161.80,5.3811,546.0
13,161.90,5.3841,546.1
13,162.00,5.3876,546.3
13,162.10,5.3916,546.6
13,162.20,5.3954,546.9
13,162.30,5.3983,547.0
13,162.40,5.4009,547.0
13,162.50,5.4037,547.2
13,162.60,5.4071,547.4
13,162.70,5.4110,547.6
13,162.80,5.4143,547.7
13,162.90,5.4174,547.9
13,163.00,5.4207,548.1
13,163.10,5.4243,548.3
13,163.20,5.4278,548.5
13,163.30,5.4312,548.7
13,163.40,5.4343,548.8
13,163.50,5.4375,549.0
13,163.60,5.4412,549.2
13,163.70,5.4453,549.5
13,163.80,5.4489,549.7
13,163.90,5.4515,549.7
13,164.00,5.4540,549.8
13,164.10,5.4569,549.9
13,164.20,5.4604,550.1
13,164.30,5.4642,550.3
13,164.40,5.4676,550.5
13,164.50,5.4709,550.6
13,164.60,5.4745,550.9
13,164.70,5.4782,551.1
13,164.80,5.4816,551.2
13,164.90,5.4849,551.4
13,165.00,5.4879,551.5
13,165.10,5.4913,551.6
13,165.20,5.4952,551.9
13,165.30,5.4989,552.1
13,165.40,5.5017,552.2
13,165.50,5.5042,552.2
13,165.60,5.5070,552.3
13,165.70,5.5103,552.5
13,165.80,5.5141,552.7
13,165.90,5.5177,552.9
13,166.00,5.5211,553.0
13,166.10,5.5245,553.2
13,166.20,5.5280,553.4
13,166.30,5.5315,553.6
13,166.40,5.5348,553.7
13,166.50,5.5377,553.8
13,166.60,5.5406,553.9
13,166.70,5.5440,554.0
13,166.80,5.5481,554.3
13,166.90,5.5518,554.5
13,167.00,5.5548,554.6
13,167.10,5.5575,554.7
13,167.20,5.5604,554.7
13,167.30,5.5639,554.9
13,167.40,5.5677,555.1
13,167.50,5.5712,555.3
13,167.60,5.5745,555.4
13,167.70,5.5781,555.6
13,167.80,5.5815,555.8
13,167.90,5.5847,555.9
13,168.00,5.5879,556.0
13,168.10,5.5908,556.1
13,168.20,5.5941,556.2
13,168.30,5.5980,556.5
13,168.40,5.6022,556.7
13,168.50,5.6054,556.8
13,168.60,5.6080,556.9
13,168.70,5.6106,556.9
13,168.80,5.6137,557.0
13,168.90,5.6175,557.2
13,169.00,5.6211,557.4
13,169.10,5.6242,557.5
13,169.20,5.6274,557.6
13,169.30,5.6310,557.8
13,169.40,5.6345,557.9
13,169.50,5.6379,558.1
13,169.60,5.6411,558.2
13,169.70,5.6443,558.3
13,169.80,5.6477,558.4
13,169.90,5.6517,558.7
13,170.00,5.6558,558.9
13,170.10,5.6586,558.9
13,170.20,5.6610,558.9
13,170.30,5.6636,559.0
13,170.40,5.6668,559.1
13,170.50,5.6706,559.3
13,170.60,5.6743,559.5
13,170.70,5.6776,559.6
13,170.80,5.6811,559.7
13,170.90,5.6847,559.9
13,171.00,5.6882,560.0
13,171.10,5.6916,560.2
13,171.20,5.6946,560.3
13,171.30,5.6977,560.3
13,171.40,5.7012,560.5
13,171.50,5.7051,560.7
13,171.60,5.7086,560.8
13,171.70,5.7113,560.8
13,171.80,5.7138,560.9
13,171.90,5.7168,560.9
13,172.00,5.7204,561.1
13,172.10,5.7242,561.3
13,172.20,5.7277,561.4
13,172.30,5.7311,561.6
13,172.40,5.7348,561.7
13,172.50,5.7381,561.8
13,172.60,5.7414,561.9
13,172.70,5.7445,562.0
13,172.80,5.7474,562.1
13,172.90,5.7505,562.2
13,173.00,5.7543,562.3
13,173.10,5.7585,562.6
13,173.20,5.7618,562.7
13,173.30,5.7644,562.7
13,173.40,5.7671,562.7
13,173.50,5.7703,562.8
13,173.60,5.7744,563.1
13,173.70,5.7782,563.2
13,173.80,5.7814,563.3
13,173.90,5.7847,563.4
13,174.00,5.7882,563.5
13,174.10,5.7914,563.6
13,174.20,5.7946,563.7
13,174.30,5.7977,563.8
13,174.40,5.8008,563.9
13,174.50,5.8042,564.0
13,174.60,5.8082,564.2
13,174.70,5.8122,564.4
13,174.80,5.8152,564.5
13,174.90,5.8177,564.4
13,175.00,5.8205,564.5
13,175.10,5.8239,564.6
13,175.20,5.8278,564.8
13,175.30,5.8310,564.8
13,175.40,5.8343,564.9
13,175.50,5.8377,565.1
13,175.60,5.8412,565.2
13,175.70,5.8446,565.3
13,175.80,5.8479,565.4
13,175.90,5.8510,565.5
13,176.00,5.8542,565.6
13,176.10,5.8577,565.7
13,176.20,5.8617,565.9
13,176.30,5.8654,566.0
13,176.40,5.8681,566.0
13,176.50,5.8706,566.0
13,176.60,5.8735,566.0
13,176.70,5.8770,566.2
13,176.80,5.8809,566.4
13,176.90,5.8843,566.5
13,177.00,5.8878,566.6
13,177.10,5.8914,566.7
13,177.20,5.8949,566.8
13,177.30,5.8983,566.9
13,177.40,5.9014,567.0
13,177.50,5.9044,567.1
13,177.60,5.9078,567.2
13,177.70,5.9117,567.3
13,177.80,5.9156,567.5
13,177.90,5.9183,567.5
13,178.00,5.9209,567.5
13,178.10,5.9236,567.5
13,178.20,5.9269,567.6
13,178.30,5.9307,567.8
13,178.40,5.9343,567.9
13,178.50,5.9376,568.0
13,178.60,5.9411,568.1
13,178.70,5.9447,568.2
13,178.80,5.9482,568.3
13,178.90,5.9514,568.4
13,179.00,5.9544,568.5
13,179.10,5.9573,568.5
13,179.20,5.9607,568.6
13,179.30,5.9647,568.8
13,179.40,5.9686,568.9
13,179.50,5.9715,569.0
13,179.60,5.9741,569.0
13,179.70,5.9771,569.0
13,179.80,5.9806,569.1
13,179.90,5.9845,569.3
13,180.00,5.9879,569.3
13,180.10,5.9913,569.5
13,180.20,5.9949,569.6
13,180.30,5.9983,569.7
13,180.40,6.0016,569.8
13,180.50,6.0047,569.8
13,180.60,6.0076,569.8
13,180.70,6.0107,569.9
13,180.80,6.0144,570.0
13,180.90,6.0185,570.2
13,181.00,6.0220,570.3
13,181.10,6.0247,570.3
13,181.20,6.0273,570.3
13,181.30,6.0304,570.4
13,181.40,6.0341,570.5
13,181.50,6.0376,570.6
13,181.60,6.0407,570.6
13,181.70,6.0440,570.7
13,181.80,6.0475,570.8
13,181.90,6.0510,570.9
13,182.00,6.0543,571.0
13,182.10,6.0576,571.1
13,182.20,6.0608,571.2
13,182.30,6.0642,571.2
13,182.40,6.0683,571.4
13,182.50,6.0724,571.6
13,182.60,6.0753,571.6
13,182.70,6.0777,571.6
13,182.80,6.0804,571.6
13,182.90,6.0836,571.6
13,183.00,6.0875,571.8
13,183.10,6.0911,571.9
13,183.20,6.0944,572.0
13,183.30,6.0978,572.0
13,183.40,6.1015,572.2
13,183.50,6.1050,572.3
13,183.60,6.1084,572.4
13,183.70,6.1115,572.4
13,183.80,6.1146,572.5
13,183.90,6.1181,572.5
13,184.00,6.1220,572.7
13,184.10,6.1253,572.8
13,184.20,6.1279,572.8
13,184.30,6.1305,572.7
13,184.40,6.1335,572.8
13,184.50,6.1370,572.9
13,184.60,6.1408,573.0
13,184.70,6.1443,573.1
13,184.80,6.1477,573.2
13,184.90,6.1512,573.3
13,185.00,6.1547,573.4
13,185.10,6.1580,573.4
13,185.20,6.1612,573.5
13,185.30,6.1642,573.5
13,185.40,6.1673,573.6
13,185.50,6.1710,573.7
13,185.60,6.1752,573.9
13,185.70,6.1786,573.9
13,185.80,6.1812,573.9
13,185.90,6.1839,573.9
13,186.00,6.1871,573.9
13,186.10,6.1910,574.1
13,186.20,6.1947,574.2
13,186.30,6.1980,574.3
13,186.40,6.2014,574.3
13,186.50,6.2048,574.4
13,186.60,6.2081,574.5
13,186.70,6.2114,574.5
13,186.80,6.2145,574.6
13,186.90,6.2175,574.6
13,187.00,6.2209,574.7
13,187.10,6.2250,574.8
13,187.20,6.2288,575.0
13,187.30,6.2316,575.0
13,187.40,6.2342,574.9
13,187.50,6.2370,574.9
13,187.60,6.2404,575.0
13,187.70,6.2441,575.1
13,187.80,6.2474,575.2
13,187.90,6.2506,575.2
13,188.00,6.2540,575.3
13,188.10,6.2576,575.4
13,188.20,6.2610,575.5
13,188.30,6.2645,575.6
13,188.40,6.2678,575.6
13,188.50,6.2710,575.7
13,188.60,6.2748,575.8
13,188.70,6.2790,575.9
13,188.80,6.2824,576.0
13,188.90,6.2849,576.0
13,189.00,6.2874,575.9
13,189.10,6.2903,575.9
13,189.20,6.2940,576.0
13,189.30,6.2977,576.1
13,189.40,6.3010,576.2
13,189.50,6.3043,576.3
13,189.60,6.3079,576.3
13,189.70,6.3115,576.5
13,189.80,6.3149,576.5
13,189.90,6.3181,576.5
13,190.00,6.3211,576.5
13,190.10,6.3244,576.6
13,190.20,6.3282,576.7
13,190.30,6.3320,576.8
13,190.40,6.3348,576.8
13,190.50,6.3374,576.8
13,190.60,6.3402,576.8
13,190.70,6.3434,576.8
13,190.80,6.3472,576.9
13,190.90,6.3508,577.0
13,191.00,6.3541,577.1
13,191.10,6.3576,577.1
13,191.20,6.3612,577.2
13,191.30,6.3647,577.3
13,191.40,6.3680,577.3
13,191.50,6.3710,577.3
13,191.60,6.3740,577.3
13,191.70,6.3774,577.4
13,191.80,6.3815,577.6
13,191.90,6.3854,577.7
13,192.00,6.3882,577.7
13,192.10,6.3909,577.6
13,192.20,6.3938,577.6
13,192.30,6.3974,577.7
13,192.40,6.4015,577.9
13,192.50,6.4049,577.9
13,192.60,6.4082,578.0
13,192.70,6.4116,578.0
13,192.80,6.4150,578.1
13,192.90,6.4181,578.1
13,193.00,6.4211,578.1
13,193.10,6.4242,578.2
13,193.20,6.4274,578.2
13,193.30,6.4311,578.3
13,193.40,6.4352,578.4
13,193.50,6.4387,578.5
13,193.60,6.4413,578.4
13,193.70,6.4439,578.4
13,193.80,6.4470,578.4
13,193.90,6.4507,578.5
13,194.00,6.4543,578.6
13,194.10,6.4575,578.6
13,194.20,6.4608,578.7
13,194.30,6.4643,578.7
13,194.40,6.4678,578.8
13,194.50,6.4713,578.9
13,194.60,6.4744,578.9
13,194.70,6.4775,578.9
13,194.80,6.4809,578.9
13,194.90,6.4851,579.1
13,195.00,6.4892,579.2
13,195.10,6.4920,579.2
13,195.20,6.4944,579.1
13,195.30,6.4970,579.1
13,195.40,6.5002,579.1
13,195.50,6.5041,579.2
13,195.60,6.5078,579.3
13,195.70,6.5112,579.4
13,195.80,6.5147,579.4
13,195.90,6.5183,579.5
13,196.00,6.5218,579.6
13,196.10,6.5251,579.6
13,196.20,6.5280,579.6
13,196.30,6.5309,579.6
13,196.40,6.5344,579.6
13,196.50,6.5383,579.7
13,196.60,6.5417,579.8
13,196.70,6.5444,579.7
13,196.80,6.5471,579.7
13,196.90,6.5500,579.7
13,197.00,6.5536,579.7
13,197.10,6.5575,579.9
13,197.20,6.5609,579.9
13,197.30,6.5643,580.0
13,197.40,6.5679,580.0
13,197.50,6.5715,580.1
13,197.60,6.5749,580.2
13,197.70,6.5780,580.2
13,197.80,6.5809,580.1
13,197.90,6.5840,580.1
13,198.00,6.5878,580.3
13,198.10,6.5920,580.4
13,198.20,6.5954,580.4
13,198.30,6.5979,580.4
13,198.40,6.6005,580.3
13,198.50,6.6037,580.3
13,198.60,6.6076,580.4
13,198.70,6.6114,580.5
13,198.80,6.6147,580.5
13,198.90,6.6181,580.6
13,199.00,6.6214,580.6
13,199.10,6.6247,580.7
13,199.20,6.6280,580.7
13,199.30,6.6310,580.6
13,199.40,6.6340,580.6
13,199.50,6.6374,580.7
13,199.60,6.6414,580.8
13,199.70,6.6452,580.9
13,199.80,6.6481,580.9
13,199.90,6.6507,580.8
13,200.00,6.6536,580.8
13,200.10,6.6570,580.8
13,200.20,6.6608,580.9
13,200.30,6.6640,580.9
13,200.40,6.6672,580.9
13,200.50,6.6708,581.0
13,200.60,6.6744,581.1
13,200.70,6.6780,581.1
13,200.80,6.6813,581.2
13,200.90,6.6845,581.1
13,201.00,6.6876,581.2
13,201.10,6.6914,581.2
13,201.20,6.6957,581.4
13,201.30,6.6990,581.4
13,201.40,6.7015,581.3
13,201.50,6.7041,581.2
13,201.60,6.7070,581.2
13,201.70,6.7105,581.3
13,201.80,6.7143,581.3
13,201.90,6.7175,581.4
13,202.00,6.7209,581.4
13,202.10,6.7246,581.5
13,202.20,6.7282,581.5
13,202.30,6.7316,581.6
13,202.40,6.7349,581.6
13,202.50,6.7379,581.6
13,202.60,6.7412,581.6
13,202.70,6.7450,581.7
13,202.80,6.7486,581.7
13,202.90,6.7516,581.7
13,203.00,6.7541,581.6
13,203.10,6.7569,581.6
13,203.20,6.7602,581.6
13,203.30,6.7640,581.7
13,203.40,6.7677,581.7
13,203.50,6.7710,581.8
13,203.60,6.7744,581.8
13,203.70,6.7779,581.8
13,203.80,6.7814,581.9
13,203.90,6.7847,581.9
13,204.00,6.7876,581.9
13,204.10,6.7907,581.8
13,204.20,6.7942,581.9
13,204.30,6.7984,582.0
13,204.40,6.8023,582.1
13,204.50,6.8051,582.0
13,204.60,6.8076,582.0
13,204.70,6.8105,581.9
13,204.80,6.8140,581.9
13,204.90,6.8179,582.0
13,205.00,6.8212,582.0
13,205.10,6.8246,582.0
13,205.20,6.8280,582.1
13,205.30,6.8314,582.1
13,205.40,6.8347,582.1
13,205.50,6.8379,582.1
13,205.60,6.8408,582.1
13,205.70,6.8441,582.1
13,205.80,6.8478,582.1
13,205.90,6.8519,582.3
13,206.00,6.8553,582.3
13,206.10,6.8579,582.2
13,206.20,6.8606,582.1
13,206.30,6.8637,582.1
13,206.40,6.8674,582.1
13,206.50,6.8707,582.2
13,206.60,6.8739,582.2
13,206.70,6.8773,582.2
13,206.80,6.8811,582.3
13,206.90,6.8847,582.3
13,207.00,6.8881,582.3
13,207.10,6.8913,582.3
13,207.20,6.8944,582.3
13,207.30,6.8978,582.3
13,207.40,6.9019,582.4
13,207.50,6.9060,582.5
13,207.60,6.9086,582.4
13,207.70,6.9110,582.3
13,207.80,6.9137,582.3
13,207.90,6.9169,582.2
13,208.00,6.9207,582.3
13,208.10,6.9243,582.4
13,208.20,6.9276,582.4
13,208.30,6.9311,582.4
13,208.40,6.9347,582.4
13,208.50,6.9383,582.5
13,208.60,6.9415,582.4
13,208.70,6.9445,582.4
13,208.80,6.9477,582.4
13,208.90,6.9512,582.4
13,209.00,6.9550,582.5
13,209.10,6.9584,582.5
13,209.20,6.9611,582.4
13,209.30,6.9638,582.3
13,209.40,6.9667,582.3
13,209.50,6.9702,582.3
13,209.60,6.9741,582.4
13,209.70,6.9776,582.4
13,209.80,6.9811,582.4
13,209.90,6.9847,582.5
13,210.00,6.9881,582.5
13,210.10,6.9915,582.5
13,210.20,6.9945,582.4
13,210.30,6.9975,582.4
13,210.40,7.0007,582.4
13,210.50,7.0047,582.5
13,210.58,7.0082,582.6
13,210.60,7.0089,582.6
13,210.70,7.0121,582.6
13,210.80,7.0146,582.4
13,210.90,7.0173,582.4
13,211.00,7.0205,582.3
13,211.10,7.0244,582.4
13,211.20,7.0280,582.5
13,211.30,7.0312,582.4
13,211.40,7.0345,582.4
13,211.50,7.0380,582.4
13,211.60,7.0413,582.4
13,211.70,7.0445,582.4
13,211.80,7.0477,582.4
13,211.90,7.0508,582.4
13,212.00,7.0543,582.4
13,212.10,7.0584,582.5
13,212.20,7.0622,582.5
13,212.30,7.0649,582.4
13,212.40,7.0675,582.3
13,212.50,7.0703,582.2
13,212.60,7.0738,582.3
13,212.70,7.0777,582.3
13,212.80,7.0809,582.3
13,212.90,7.0841,582.3
13,213.00,7.0876,582.3
13,213.10,7.0912,582.3
13,213.20,7.0947,582.3
13,213.30,7.0980,582.3
13,213.40,7.1011,582.3
13,213.50,7.1042,582.3
13,213.60,7.1079,582.3
13,213.70,7.1121,582.4
13,213.80,7.1157,582.4
13,213.90,7.1183,582.3
13,214.00,7.1208,582.2
13,214.10,7.1237,582.1
13,214.20,7.1273,582.2
13,214.30,7.1311,582.2
13,214.40,7.1344,582.2
13,214.50,7.1377,582.2
13,214.60,7.1413,582.2
13,214.70,7.1447,582.2
13,214.80,7.1480,582.2
13,214.90,7.1511,582.1
13,215.00,7.1542,582.1
13,215.10,7.1576,582.1
13,215.20,7.1615,582.1
13,215.30,7.1651,582.1
13,215.40,7.1681,582.1
13,215.50,7.1707,582.0
13,215.60,7.1735,581.9
13,215.70,7.1768,581.9
13,215.80,7.1807,581.9
13,215.90,7.1844,582.0
13,216.00,7.1877,582.0
13,216.10,7.1912,581.9
13,216.20,7.1948,582.0
13,216.30,7.1984,582.0
13,216.40,7.2015,582.0
13,216.50,7.2045,581.9
13,216.60,7.2075,581.8
13,216.70,7.2110,581.9
13,216.80,7.2150,581.9
13,216.90,7.2189,582.0
13,217.00,7.2218,581.9
13,217.10,7.2243,581.8
13,217.20,7.2271,581.7
13,217.30,7.2305,581.7
13,217.40,7.2344,581.8
13,217.50,7.2379,581.7
13,217.60,7.2412,581.7
13,217.70,7.2446,581.7
13,217.80,7.2479,581.7
13,217.90,7.2511,581.7
13,218.00,7.2544,581.6
13,218.10,7.2574,581.6
13,218.20,7.2606,581.5
13,218.30,7.2643,581.6
13,218.40,7.2686,581.7
13,218.50,7.2720,581.7
13,218.60,7.2746,581.5
13,218.70,7.2773,581.4
13,218.80,7.2803,581.4
13,218.90,7.2839,581.4
13,219.00,7.2875,581.4
13,219.10,7.2907,581.4
13,219.20,7.2941,581.3
13,219.30,7.2978,581.4
13,219.40,7.3013,581.4
13,219.50,7.3047,581.4
13,219.60,7.3080,581.4
13,219.70,7.3111,581.3
13,219.80,7.3146,581.3
13,219.90,7.3187,581.4
13,220.00,7.3225,581.4
13,220.10,7.3252,581.3
13,220.20,7.3275,581.1
13,220.30,7.3302,581.0
13,220.40,7.3334,581.0
13,220.50,7.3372,581.0
13,220.60,7.3407,581.0
13,220.70,7.3442,581.0
13,220.80,7.3477,581.0
13,220.90,7.3515,581.1
13,221.00,7.3551,581.1
13,221.10,7.3583,581.0
13,221.20,7.3613,580.9
13,221.30,7.3644,580.9
13,221.40,7.3681,580.9
13,221.50,7.3720,581.0
13,221.60,7.3753,580.9
13,221.70,7.3778,580.8
13,221.80,7.3804,580.7
13,221.90,7.3834,580.6
13,222.00,7.3870,580.6
13,222.10,7.3910,580.7
13,222.20,7.3945,580.7
13,222.30,7.3979,580.6
13,222.40,7.4013,580.6
13,222.50,7.4049,580.6
13,222.60,7.4083,580.6
13,222.70,7.4115,580.6
13,222.80,7.4144,580.5
13,222.90,7.4175,580.4
13,223.00,7.4212,580.5
13,223.10,7.4253,580.5
13,223.20,7.4285,580.5
13,223.30,7.4311,580.4
13,223.40,7.4338,580.2
13,223.50,7.4369,580.2
13,223.60,7.4408,580.2
13,223.70,7.4445,580.3
13,223.80,7.4477,580.2
13,223.90,7.4511,580.2
13,224.00,7.4546,580.2
13,224.10,7.4580,580.1
13,224.20,7.4613,580.1
13,224.30,7.4643,580.0
13,224.40,7.4673,580.0
13,224.50,7.4708,580.0
13,224.60,7.4747,580.0
13,224.70,7.4788,580.1
13,224.80,7.4818,580.0
13,224.90,7.4843,579.9
13,225.00,7.4871,579.8
13,225.10,7.4904,579.7
13,225.20,7.4942,579.8
13,225.30,7.4976,579.7
13,225.40,7.5009,579.7
13,225.50,7.5045,579.7
13,225.60,7.5080,579.7
13,225.70,7.5115,579.7
13,225.80,7.5148,579.6
13,225.90,7.5180,579.6
13,226.00,7.5211,579.5
13,226.10,7.5247,579.5
13,226.20,7.5288,579.6
13,226.30,7.5323,579.5
13,226.40,7.5348,579.4
13,226.50,7.5373,579.3
13,226.60,7.5402,579.2
13,226.70,7.5437,579.2
13,226.80,7.5474,579.2
13,226.90,7.5507,579.1
13,227.00,7.5541,579.1
13,227.10,7.5577,579.1
13,227.20,7.5613,579.1
13,227.30,7.5649,579.1
13,227.40,7.5681,579.0
13,227.50,7.5711,579.0
13,227.60,7.5743,578.9
13,227.70,7.5781,578.9
13,227.80,7.5818,579.0
13,227.90,7.5848,578.9
13,228.00,7.5875,578.8
13,228.10,7.5903,578.6
13,228.20,7.5936,578.6
13,228.30,7.5974,578.7
13,228.40,7.6011,578.7
13,228.50,7.6045,578.6
13,228.60,7.6080,578.6
13,228.70,7.6116,578.6
13,228.80,7.6149,578.6
13,228.90,7.6181,578.5
13,229.00,7.6210,578.4
13,229.10,7.6239,578.3
13,229.20,7.6274,578.3
13,229.30,7.6315,578.4
13,229.40,7.6354,578.4
13,229.50,7.6382,578.3
13,229.60,7.6408,578.2
13,229.70,7.6438,578.1
13,229.80,7.6473,578.1
13,229.90,7.6512,578.1
13,230.00,7.6546,578.1
13,230.10,7.6578,578.0
13,230.20,7.6612,578.0
13,230.30,7.6647,578.0
13,230.40,7.6680,577.9
13,230.50,7.6712,577.9
13,230.60,7.6743,577.8
13,230.70,7.6775,577.7
13,230.80,7.6812,577.8
13,230.90,7.6854,577.8
13,231.00,7.6888,577.8
13,231.10,7.6914,577.7
13,231.20,7.6941,577.5
13,231.30,7.6972,577.5
13,231.40,7.7009,577.4
13,231.50,7.7045,577.4
13,231.60,7.7077,577.4
13,231.70,7.7109,577.3
13,231.80,7.7144,577.3
13,231.90,7.7178,577.3
13,232.00,7.7213,577.3
13,232.10,7.7245,577.2
13,232.20,7.7276,577.2
13,232.30,7.7311,577.1
13,232.40,7.7351,577.2
13,232.50,7.7389,577.2
13,232.60,7.7418,577.0
13,232.70,7.7442,576.9
13,232.80,7.7469,576.8
13,232.90,7.7501,576.7
13,233.00,7.7539,576.7
13,233.10,7.7574,576.7
13,233.20,7.7608,576.7
13,233.30,7.7643,576.7
13,233.40,7.7679,576.7
13,233.50,7.7715,576.7
13,233.60,7.7749,576.6
13,233.70,7.7779,576.5
13,233.80,7.7810,576.4
13,233.90,7.7847,576.5
13,234.00,7.7887,576.5
13,234.10,7.7921,576.4
13,234.20,7.7947,576.3
13,234.30,7.7973,576.2
13,234.40,7.8003,576.1
13,234.50,7.8039,576.1
13,234.60,7.8077,576.1
13,234.70,7.8111,576.1
13,234.80,7.8144,576.0
13,234.90,7.8180,576.0
13,235.00,7.8214,576.0
13,235.10,7.8248,575.9
13,235.20,7.8280,575.9
13,235.30,7.8309,575.8
13,235.40,7.8341,575.7
13,235.50,7.8378,575.7
13,235.60,7.8418,575.7
13,235.70,7.8451,575.7
13,235.80,7.8477,575.5
13,235.90,7.8504,575.4
13,236.00,7.8536,575.4
13,236.10,7.8575,575.4
13,236.20,7.8612,575.4
13,236.30,7.8645,575.3
13,236.40,7.8679,575.3
13,236.50,7.8713,575.2
13,236.60,7.8747,575.2
13,236.70,7.8780,575.1
13,236.80,7.8811,575.1
13,236.90,7.8841,575.0
13,237.00,7.8875,575.0
13,237.10,7.8916,575.0
13,237.20,7.8955,575.0
13,237.30,7.8984,574.9
13,237.40,7.9010,574.8
13,237.50,7.9038,574.7
13,237.60,7.9073,574.6
13,237.70,7.9110,574.7
13,237.80,7.9143,574.6
13,237.90,7.9175,574.5
13,238.00,7.9209,574.5
13,238.10,7.9244,574.5
13,238.20,7.9277,574.4
13,238.30,7.9310,574.4
13,238.40,7.9342,574.3
13,238.50,7.9375,574.3
13,238.60,7.9414,574.3
13,238.70,7.9455,574.3
13,238.80,7.9488,574.2
13,238.90,7.9513,574.1
13,239.00,7.9538,573.9
13,239.10,7.9568,573.9
13,239.20,7.9605,573.8
13,239.30,7.9643,573.9
13,239.40,7.9676,573.8
13,239.50,7.9709,573.8
13,239.60,7.9745,573.7
13,239.70,7.9781,573.7
13,239.80,7.9816,573.7
13,239.90,7.9847,573.6
13,240.00,7.9878,573.5
13,240.10,7.9912,573.5
13,240.20,7.9951,573.5
13,240.30,7.9990,573.5
13,240.40,8.0019,573.4
13,240.50,8.0044,573.3
13,240.60,8.0072,573.1
13,240.70,8.0104,573.1
13,240.80,8.0142,573.1
13,240.90,8.0178,573.1
13,241.00,8.0211,573.0
13,241.10,8.0246,573.0
13,241.20,8.0280,572.9
13,241.30,8.0313,572.9
13,241.40,8.0345,572.8
13,241.50,8.0376,572.7
13,241.60,8.0406,572.7
13,241.70,8.0441,572.6
13,241.80,8.0482,572.7
13,241.90,8.0520,572.7
13,242.00,8.0548,572.6
13,242.10,8.0574,572.4
13,242.20,8.0603,572.3
13,242.30,8.0638,572.3
13,242.40,8.0678,572.3
13,242.50,8.0713,572.3
13,242.60,8.0746,572.2
13,242.70,8.0780,572.2
13,242.80,8.0813,572.1
13,242.90,8.0845,572.1
13,243.00,8.0878,572.0
13,243.10,8.0908,571.9
13,243.20,8.0941,571.8
13,243.30,8.0980,571.9
13,243.40,8.1023,571.9
13,243.50,8.1055,571.9
13,243.60,8.1080,571.7
13,243.70,8.1107,571.6
13,243.80,8.1138,571.5
13,243.90,8.1176,571.5
13,244.00,8.1211,571.5
13,244.10,8.1242,571.4
13,244.20,8.1275,571.3
13,244.30,8.1309,571.3
13,244.40,8.1345,571.3
13,244.50,8.1379,571.2
13,244.60,8.1412,571.2
13,244.70,8.1443,571.1
13,244.80,8.1476,571.0
13,244.90,8.1516,571.0
13,245.00,8.1557,571.1
13,245.10,8.1586,571.0
13,245.20,8.1610,570.8
13,245.30,8.1637,570.7
13,245.40,8.1669,570.6
13,245.50,8.1707,570.6
13,245.60,8.1743,570.6
13,245.70,8.1776,570.5
13,245.80,8.1811,570.5
13,245.90,8.1846,570.5
13,246.00,8.1882,570.4
13,246.10,8.1917,570.4
13,246.20,8.1947,570.3
13,246.30,8.1977,570.2
13,246.40,8.2013,570.2
13,246.50,8.2052,570.2
13,246.60,8.2086,570.2
13,246.70,8.2113,570.0
13,246.80,8.2140,569.9
13,246.90,8.2168,569.8
13,247.00,8.2203,569.8
13,247.10,8.2242,569.8
13,247.20,8.2276,569.7
13,247.30,8.2310,569.7
13,247.40,8.2346,569.6
13,247.50,8.2380,569.6
13,247.60,8.2414,569.6
13,247.70,8.2446,569.4
13,247.80,8.2475,569.4
13,247.90,8.2507,569.3
13,248.00,8.2546,569.3
13,248.10,8.2587,569.4
13,248.20,8.2619,569.3
13,248.30,8.2645,569.1
13,248.40,8.2672,569.0
13,248.50,8.2704,568.9
13,248.60,8.2741,568.9
13,248.70,8.2778,568.9
13,248.80,8.2810,568.8
13,248.90,8.2844,568.8
13,249.00,8.2880,568.8
13,249.10,8.2915,568.7
13,249.20,8.2948,568.7
13,249.30,8.2979,568.6
13,249.40,8.3009,568.5
13,249.50,8.3044,568.5
13,249.60,8.3084,568.5
13,249.70,8.3122,568.5
13,249.80,8.3151,568.4
13,249.90,8.3177,568.2
13,250.00,8.3206,568.1
13,250.10,8.3240,568.1
13,250.20,8.3277,568.1
13,250.30,8.3309,568.0
13,250.40,8.3340,567.9
13,250.50,8.3374,567.9
13,250.60,8.3409,567.8
13,250.70,8.3444,567.8
13,250.80,8.3478,567.8
13,250.90,8.3510,567.7
13,251.00,8.3542,567.6
13,251.10,8.3579,567.6
13,251.20,8.3622,567.6
13,251.30,8.3656,567.6
13,251.40,8.3682,567.5
13,251.50,8.3707,567.3
13,251.60,8.3735,567.2
13,251.70,8.3771,567.2
13,251.80,8.3810,567.2
13,251.90,8.3843,567.1
13,252.00,8.3877,567.1
13,252.10,8.3913,567.0
13,252.20,8.3948,567.0
13,252.30,8.3983,566.9
13,252.40,8.4015,566.9
13,252.50,8.4046,566.8
13,252.60,8.4079,566.7
13,252.70,8.4116,566.7
13,252.80,8.4153,566.7
13,252.90,8.4183,566.6
13,253.00,8.4209,566.5
13,253.10,8.4237,566.3
13,253.20,8.4268,566.2
13,253.30,8.4306,566.3
13,253.40,8.4342,566.2
13,253.50,8.4375,566.2
13,253.60,8.4410,566.1
13,253.70,8.4447,566.1
13,253.80,8.4481,566.0
13,253.90,8.4514,566.0
13,254.00,8.4544,565.9
13,254.10,8.4574,565.8
13,254.20,8.4608,565.8
13,254.30,8.4648,565.8
13,254.40,8.4687,565.8
13,254.50,8.4715,565.7
13,254.60,8.4742,565.5
13,254.70,8.4771,565.4
13,254.80,8.4807,565.4
13,254.90,8.4845,565.4
13,255.00,8.4879,565.3
13,255.10,8.4912,565.3
13,255.20,8.4947,565.2
13,255.30,8.4982,565.2
13,255.40,8.5015,565.1
13,255.50,8.5047,565.1
13,255.60,8.5077,565.0
13,255.70,8.5108,564.9
13,255.80,8.5145,564.9
13,255.90,8.5186,564.9
13,256.00,8.5220,564.8
13,256.10,8.5246,564.7
13,256.20,8.5273,564.5
13,256.30,8.5304,564.5
13,256.40,8.5340,564.4
13,256.50,8.5375,564.4
13,256.60,8.5406,564.3
13,256.70,8.5438,564.2
13,256.80,8.5474,564.2
13,256.90,8.5510,564.2
13,257.00,8.5545,564.1
13,257.10,8.5577,564.1
13,257.20,8.5609,564.0
13,257.30,8.5643,563.9
13,257.40,8.5684,564.0
13,257.50,8.5723,563.9
13,257.60,8.5752,563.9
13,257.70,8.5777,563.7
13,257.80,8.5804,563.6
13,257.90,8.5837,563.5
13,258.00,8.5876,563.5
13,258.10,8.5911,563.5
13,258.20,8.5944,563.4
13,258.30,8.5979,563.4
13,258.40,8.6016,563.4
13,258.50,8.6051,563.3
13,258.60,8.6084,563.2
13,258.70,8.6113,563.1
13,258.80,8.6144,563.0
13,258.90,8.6181,563.0
13,259.00,8.6221,563.0
13,259.10,8.6253,563.0
13,259.20,8.6280,562.8
13,259.30,8.6305,562.7
13,259.40,8.6335,562.6
13,259.50,8.6370,562.5
13,259.60,8.6408,562.5
13,259.70,8.6441,562.5
13,259.80,8.6476,562.4
13,259.90,8.6512,562.4
13,260.00,8.6549,562.4
13,260.10,8.6583,562.3
13,260.20,8.6613,562.2
13,260.30,8.6642,562.1
13,260.40,8.6673,562.0
13,260.50,8.6710,562.0
13,260.60,8.6752,562.0
13,260.70,8.6786,562.0
13,260.80,8.6812,561.8
13,260.90,8.6839,561.7
13,261.00,8.6871,561.6
13,261.10,8.6910,561.6
13,261.20,8.6947,561.6
13,261.30,8.6979,561.5
13,261.40,8.7013,561.5
13,261.50,8.7049,561.4
13,261.60,8.7081,561.4
13,261.70,8.7113,561.3
13,261.80,8.7143,561.2
13,261.90,8.7174,561.1
13,262.00,8.7208,561.0
13,262.10,8.7247,561.0
13,262.20,8.7288,561.1
13,262.30,8.7317,561.0
13,262.40,8.7343,560.8
13,262.50,8.7370,560.7
13,262.60,8.7405,560.6
13,262.70,8.7444,560.6
13,262.80,8.7477,560.6
13,262.90,8.7509,560.5
13,263.00,8.7542,560.4
13,263.10,8.7577,560.4
13,263.20,8.7612,560.4
13,263.30,8.7645,560.3
13,263.40,8.7675,560.2
13,263.50,8.7707,560.1
13,263.60,8.7744,560.1
13,263.70,8.7787,560.1
13,263.80,8.7822,560.1
13,263.90,8.7848,559.9
13,264.00,8.7873,559.8
13,264.10,8.7903,559.6
13,264.20,8.7940,559.6
13,264.30,8.7978,559.6
13,264.40,8.8011,559.6
13,264.50,8.8046,559.5
13,264.60,8.8082,559.5
13,264.70,8.8117,559.4
13,264.80,8.8151,559.4
13,264.90,8.8182,559.3
13,265.00,8.8212,559.2
13,265.10,8.8245,559.1
13,265.20,8.8282,559.1
13,265.30,8.8317,559.0
13,265.40,8.8346,558.9
13,265.50,8.8373,558.8
13,265.60,8.8401,558.7
13,265.70,8.8433,558.6
13,265.80,8.8471,558.6
13,265.90,8.8508,558.6
13,266.00,8.8542,558.5
13,266.10,8.8577,558.4
13,266.20,8.8614,558.4
13,266.30,8.8648,558.4
13,266.40,8.8680,558.3
13,266.50,8.8710,558.2
13,266.60,8.8740,558.1
13,266.70,8.8774,558.0
13,266.80,8.8815,558.0
13,266.90,8.8854,558.0
13,267.00,8.8884,557.9
13,267.10,8.8909,557.8
13,267.20,8.8939,557.7
13,267.30,8.8976,557.6
13,267.40,8.9016,557.6
13,267.50,8.9048,557.6
13,267.60,8.9080,557.5
13,267.70,8.9113,557.4
13,267.80,8.9149,557.4
13,267.90,8.9182,557.3
13,268.00,8.9213,557.2
13,268.10,8.9242,557.1
13,268.20,8.9273,557.0
13,268.30,8.9310,557.0
13,268.40,8.9353,557.0
13,268.50,8.9387,557.0
13,268.60,8.9413,556.8
13,268.70,8.9440,556.7
13,268.80,8.9471,556.6
13,268.90,8.9507,556.5
13,269.00,8.9543,556.5
13,269.10,8.9574,556.4
13,269.20,8.9607,556.3
13,269.30,8.9642,556.3
13,269.40,8.9677,556.2
13,269.50,8.9711,556.2
13,269.60,8.9744,556.1
13,269.70,8.9776,556.0
13,269.80,8.9811,555.9
13,269.90,8.9853,556.0
13,270.00,8.9892,556.0
13,270.10,8.9920,555.8
13,270.20,8.9944,555.6
13,270.30,8.9971,555.5
13,270.40,9.0003,555.4
13,270.50,9.0042,555.4
13,270.60,9.0077,555.4
13,270.70,9.0109,555.3
13,270.80,9.0144,555.2
13,270.90,9.0180,555.2
13,271.00,9.0216,555.2
13,271.10,9.0249,555.1
13,271.20,9.0279,555.0
13,271.30,9.0309,554.9
13,271.40,9.0345,554.8
13,271.50,9.0385,554.8
13,271.60,9.0419,554.7
13,271.70,9.0445,554.6
13,271.80,9.0472,554.4
13,271.90,9.0501,554.3
13,272.00,9.0536,554.3
13,272.10,9.0575,554.3
13,272.20,9.0610,554.2
13,272.30,9.0644,554.2
13,272.40,9.0679,554.1
13,272.50,9.0715,554.1
13,272.60,9.0749,554.0
13,272.70,9.0780,553.9
13,272.80,9.0809,553.8
13,272.90,9.0841,553.7
13,273.00,9.0878,553.6
13,273.10,9.0920,553.7
13,273.20,9.0954,553.6
13,273.30,9.0980,553.5
13,273.40,9.1007,553.3
13,273.50,9.1038,553.2
13,273.60,9.1076,553.2
13,273.70,9.1114,553.2
13,273.80,9.1146,553.1
13,273.90,9.1180,553.0
13,274.00,9.1213,553.0
13,274.10,9.1246,552.9
13,274.20,9.1279,552.8
13,274.30,9.1309,552.7
13,274.40,9.1340,552.6
13,274.50,9.1374,552.5
13,274.60,9.1414,552.5
13,274.70,9.1453,552.5
13,274.80,9.1482,552.4
13,274.90,9.1507,552.2
13,275.00,9.1535,552.1
13,275.10,9.1569,552.0
13,275.20,9.1607,552.0
13,275.30,9.1641,552.0
13,275.40,9.1674,551.9
13,275.50,9.1709,551.8
13,275.60,9.1745,551.8
13,275.70,9.1778,551.7
13,275.80,9.1812,551.6
13,275.90,9.1844,551.6
13,276.00,9.1876,551.5
13,276.10,9.1916,551.5
13,276.20,9.1959,551.5
13,276.30,9.1991,551.4
13,276.40,9.2015,551.2
13,276.50,9.2040,551.1
13,276.60,9.2069,550.9
13,276.70,9.2106,550.9
13,276.80,9.2144,550.9
13,276.90,9.2177,550.8
13,277.00,9.2211,550.7
13,277.10,9.2246,550.7
13,277.20,9.2282,550.7
13,277.30,9.2317,550.6
13,277.40,9.2348,550.5
13,277.50,9.2378,550.4
13,277.60,9.2411,550.3
13,277.70,9.2449,550.3
13,277.80,9.2486,550.2
13,277.90,9.2515,550.1
13,278.00,9.2541,549.9
13,278.10,9.2569,549.8
13,278.20,9.2602,549.7
13,278.30,9.2639,549.7
13,278.40,9.2675,549.6
13,278.50,9.2709,549.6
13,278.60,9.2744,549.5
13,278.70,9.2781,549.5
13,278.80,9.2817,549.4
13,278.90,9.2849,549.3
13,279.00,9.2878,549.2
13,279.10,9.2908,549.1
13,279.20,9.2943,549.1
13,279.30,9.2986,549.1
13,279.40,9.3022,549.1
13,279.50,9.3049,548.9
13,279.60,9.3075,548.7
13,279.70,9.3103,548.6
13,279.80,9.3138,548.5
13,279.90,9.3178,548.5
13,280.00,9.3213,548.5
13,280.10,9.3246,548.4
13,280.20,9.3280,548.3
13,280.30,9.3313,548.2
13,280.40,9.3346,548.2
13,280.50,9.3378,548.1
13,280.60,9.3409,547.9
13,280.70,9.3441,547.9
13,280.80,9.3479,547.8
13,280.90,9.3520,547.8
13,281.00,9.3553,547.8
13,281.10,9.3579,547.6
13,281.20,9.3606,547.4
13,281.30,9.3637,547.3
13,281.40,9.3673,547.3
13,281.50,9.3709,547.2
13,281.60,9.3740,547.1
13,281.70,9.3773,547.0
13,281.80,9.3810,547.0
13,281.90,9.3846,546.9
13,282.00,9.3880,546.9
13,282.10,9.3914,546.8
13,282.20,9.3945,546.7
13,282.30,9.3979,546.6
13,282.40,9.4020,546.6
13,282.50,9.4059,546.6
13,282.60,9.4086,546.4
13,282.70,9.4110,546.3
13,282.80,9.4137,546.1
13,282.90,9.4169,546.0
13,283.00,9.4207,546.0
13,283.10,9.4242,545.9
13,283.20,9.4275,545.8
13,283.30,9.4310,545.8
13,283.40,9.4347,545.7
13,283.50,9.4383,545.7
13,283.60,9.4416,545.6
13,283.70,9.4445,545.4
13,283.80,9.4476,545.3
13,283.90,9.4512,545.3
13,284.00,9.4551,545.3
13,284.10,9.4585,545.2
13,284.20,9.4611,545.0
13,284.30,9.4637,544.8
13,284.40,9.4666,544.7
13,284.50,9.4702,544.7
13,284.60,9.4741,544.6
13,284.70,9.4776,544.5
13,284.80,9.4810,544.5
13,284.90,9.4847,544.4
13,285.00,9.4882,544.4
13,285.10,9.4916,544.3
13,285.20,9.4947,544.2
13,285.30,9.4976,544.0
13,285.40,9.5008,543.9
13,285.50,9.5046,543.9
13,285.60,9.5087,543.9
13,285.70,9.5119,543.8
13,285.80,9.5145,543.6
13,285.90,9.5172,543.5
13,286.00,9.5205,543.4
13,286.10,9.5245,543.4
13,286.20,9.5281,543.3
13,286.30,9.5313,543.2
13,286.40,9.5346,543.1
13,286.50,9.5380,543.0
13,286.60,9.5413,542.9
13,286.70,9.5446,542.8
13,286.80,9.5477,542.7
13,286.90,9.5507,542.6
13,287.00,9.5541,542.5
13,287.10,9.5582,542.5
13,287.20,9.5621,542.5
13,287.30,9.5650,542.3
13,287.40,9.5676,542.1
13,287.50,9.5704,542.0
13,287.60,9.5738,541.9
13,287.70,9.5777,541.9
13,287.80,9.5810,541.8
13,287.90,9.5841,541.7
13,288.00,9.5876,541.6
13,288.10,9.5912,541.5
13,288.20,9.5946,541.4
13,288.30,9.5979,541.4
13,288.40,9.6011,541.3
13,288.50,9.6044,541.1
13,288.60,9.6082,541.1
13,288.70,9.6123,541.1
13,288.80,9.6157,541.0
13,288.90,9.6182,540.8
13,289.00,9.6207,540.6
13,289.10,9.6236,540.5
13,289.20,9.6271,540.4
13,289.30,9.6308,540.4
13,289.40,9.6342,540.3
13,289.50,9.6375,540.2
13,289.60,9.6411,540.1
13,289.70,9.6448,540.1
13,289.80,9.6482,540.0
13,289.90,9.6514,539.8
13,290.00,9.6544,539.7
13,290.10,9.6577,539.6
13,290.20,9.6616,539.6
13,290.30,9.6654,539.5
13,290.40,9.6682,539.4
13,290.50,9.6708,539.2
13,290.60,9.6736,539.0
13,290.70,9.6768,538.9
13,290.80,9.6805,538.9
13,290.90,9.6842,538.8
13,291.00,9.6876,538.7
13,291.10,9.6912,538.6
13,291.20,9.6950,538.6
13,291.30,9.6985,538.5
13,291.40,9.7018,538.4
13,291.50,9.7047,538.2
13,291.60,9.7076,538.1
13,291.70,9.7110,538.0
13,291.80,9.7150,538.0
13,291.90,9.7188,537.9
13,292.00,9.7216,537.7
13,292.10,9.7242,537.6
13,292.20,9.7271,537.4
13,292.30,9.7306,537.3
13,292.40,9.7344,537.3
13,292.50,9.7377,537.2
13,292.60,9.7410,537.1
13,292.70,9.7445,537.0
13,292.80,9.7479,536.9
13,292.90,9.7512,536.7
13,293.00,9.7544,536.6
13,293.10,9.7574,536.5
13,293.20,9.7606,536.3
13,293.30,9.7643,536.3
13,293.40,9.7684,536.2
13,293.50,9.7719,536.2
13,293.60,9.7746,536.0
13,293.70,9.7773,535.8
13,293.80,9.7804,535.6
13,293.90,9.7842,535.6
13,294.00,9.7877,535.5
13,294.10,9.7909,535.3
13,294.20,9.7942,535.2
13,294.30,9.7977,535.2
13,294.40,9.8012,535.0
13,294.50,9.8046,534.9
13,294.60,9.8079,534.8
13,294.70,9.8110,534.7
13,294.80,9.8144,534.6
13,294.90,9.8184,534.5
13,295.00,9.8223,534.4
13,295.10,9.8252,534.3
13,295.20,9.8278,534.0
13,295.30,9.8304,533.8
13,295.40,9.8337,533.7
13,295.50,9.8375,533.6
13,295.60,9.8409,533.5
13,295.70,9.8442,533.4
13,295.80,9.8476,533.3
13,295.90,9.8513,533.2
13,296.00,9.8549,533.1
13,296.10,9.8582,533.0
13,296.20,9.8612,532.8
13,296.30,9.8643,532.7
13,296.40,9.8678,532.5
13,296.50,9.8718,532.5
13,296.60,9.8752,532.4
13,296.70,9.8779,532.2
13,296.80,9.8805,531.9
13,296.90,9.8835,531.8
13,297.00,9.8872,531.7
13,297.10,9.8912,531.6
13,297.20,9.8946,531.5
13,297.30,9.8980,531.4
13,297.40,9.9016,531.3
13,297.50,9.9049,531.1
13,297.60,9.9082,531.0
13,297.70,9.9114,530.9
13,297.80,9.9143,530.7
13,297.90,9.9175,530.5
13,298.00,9.9212,530.4
13,298.10,9.9252,530.4
13,298.20,9.9285,530.2
13,298.30,9.9311,530.0
13,298.40,9.9338,529.8
13,298.50,9.9369,529.6
13,298.60,9.9408,529.6
13,298.70,9.9445,529.5
13,298.80,9.9477,529.3
13,298.90,9.9512,529.2
13,299.00,9.9548,529.1
13,299.10,9.9581,528.9
13,299.20,9.9613,528.8
13,299.30,9.9643,528.6
13,299.40,9.9674,528.4
13,299.50,9.9707,528.3
13,299.60,9.9746,528.2
13,299.70,9.9786,528.1
13,299.80,9.9817,527.9
13,299.90,9.9843,527.7
13,300.00,9.9872,527.5
13,300.10,9.9906,527.4
13,300.20,9.9944,527.3
13,300.30,9.9977,527.1
13,300.40,10.0009,526.9
13,300.50,10.0044,526.8
13,300.60,10.0080,526.7
13,300.70,10.0114,526.5
13,300.80,10.0146,526.4
13,300.90,10.0177,526.2
13,301.00,10.0210,526.0
13,301.10,10.0248,525.9
13,301.20,10.0290,525.9
13,301.30,10.0323,525.7
13,301.40,10.0348,525.5
13,301.50,10.0374,525.2
13,301.60,10.0403,525.0
13,301.70,10.0438,524.9
13,301.80,10.0475,524.7
13,301.90,10.0507,524.6
13,302.00,10.0541,524.4
13,302.10,10.0577,524.3
13,302.20,10.0613,524.1
13,302.30,10.0649,524.0
13,302.40,10.0680,523.8
13,302.50,10.0710,523.6
13,302.60,10.0743,523.4
13,302.70,10.0781,523.3
13,302.80,10.0819,523.2
13,302.90,10.0849,522.9
13,303.00,10.0875,522.7
13,303.10,10.0902,522.4
13,303.20,10.0935,522.3
13,303.30,10.0973,522.1
13,303.40,10.1009,522.0
13,303.50,10.1043,521.8
13,303.60,10.1078,521.6
13,303.70,10.1115,521.5
13,303.80,10.1149,521.3
13,303.90,10.1183,521.1
13,304.00,10.1213,520.9
13,304.10,10.1242,520.7
13,304.20,10.1275,520.5
13,304.30,10.1315,520.3
13,304.40,10.1353,520.2
13,304.50,10.1381,519.9
13,304.60,10.1407,519.7
13,304.70,10.1436,519.4
13,304.80,10.1472,519.2
13,304.90,10.1511,519.1
13,305.00,10.1545,518.9
13,305.10,10.1579,518.7
13,305.20,10.1614,518.5
13,305.30,10.1648,518.3
13,305.40,10.1681,518.1
13,305.50,10.1713,517.9
13,305.60,10.1742,517.6
13,305.70,10.1774,517.3
13,305.80,10.1811,517.2
13,305.90,10.1854,517.1
13,306.00,10.1888,516.9
13,306.10,10.1915,516.6
13,306.20,10.1942,516.3
13,306.30,10.1972,516.0
13,306.40,10.2009,515.8
13,306.50,10.2045,515.6
13,306.60,10.2077,515.4
13,306.70,10.2109,515.1
13,306.80,10.2144,514.9
13,306.90,10.2179,514.7
13,307.00,10.2212,514.5
13,307.10,10.2244,514.2
13,307.20,10.2274,513.9
13,307.30,10.2309,513.7
13,307.40,10.2350,513.5
13,307.50,10.2389,513.4
13,307.60,10.2418,513.1
13,307.70,10.2444,512.7
13,307.80,10.2471,512.4
13,307.90,10.2503,512.1
13,308.00,10.2540,511.9
13,308.10,10.2576,511.7
13,308.20,10.2608,511.5
13,308.30,10.2642,511.2
13,308.40,10.2678,511.0
13,308.50,10.2713,510.7
13,308.60,10.2748,510.5
13,308.70,10.2778,510.2
13,308.80,10.2810,509.9
13,308.90,10.2846,509.7
13,309.00,10.2889,509.5
13,309.10,10.2923,509.2
13,309.20,10.2948,508.9
13,309.30,10.2973,508.5
13,309.40,10.3003,508.2
13,309.50,10.3038,507.9
13,309.60,10.3075,507.7
13,309.70,10.3109,507.4
13,309.80,10.3143,507.1
13,309.90,10.3180,506.9
13,310.00,10.3215,506.6
13,310.10,10.3248,506.3
13,310.20,10.3280,506.0
13,310.30,10.3310,505.7
13,310.40,10.3342,505.4
13,310.50,10.3378,505.1
13,310.60,10.3418,504.8
13,310.70,10.3452,504.5
13,310.80,10.3478,504.2
13,310.90,10.3505,503.8
13,311.00,10.3536,503.4
13,311.10,10.3575,503.1
13,311.20,10.3611,502.8
13,311.30,10.3644,502.5
13,311.40,10.3678,502.2
13,311.50,10.3713,501.9
13,311.60,10.3748,501.5
13,311.70,10.3781,501.2
13,311.80,10.3811,500.8
13,311.90,10.3841,500.4
13,312.00,10.3876,500.1
13,312.10,10.3915,499.8
13,312.20,10.3954,499.5
13,312.30,10.3983,499.1
13,312.40,10.4010,498.6
13,312.50,10.4039,498.2
13,312.60,10.4073,497.9
13,312.70,10.4110,497.5
13,312.80,10.4143,497.1
13,312.90,10.4176,496.8
13,313.00,10.4209,496.4
13,313.10,10.4243,496.0
13,313.20,10.4276,495.6
13,313.30,10.4310,495.2
13,313.40,10.4342,494.8
13,313.50,10.4375,494.4
13,313.60,10.4414,494.0
13,313.70,10.4456,493.7
13,313.80,10.4490,493.3
13,313.90,10.4515,492.8
13,314.00,10.4540,492.3
13,314.10,10.4569,491.8
13,314.20,10.4604,491.4
13,314.30,10.4642,491.0
13,314.40,10.4674,490.6
13,314.50,10.4708,490.2
13,314.60,10.4744,489.8
13,314.70,10.4782,489.4
13,314.80,10.4818,489.0
13,314.90,10.4850,488.5
13,315.00,10.4879,488.0
13,315.10,10.4912,487.6
13,315.20,10.4951,487.2
13,315.30,10.4990,486.8
13,315.40,10.5019,486.3
13,315.50,10.5044,485.7
13,315.60,10.5072,485.2
13,315.70,10.5104,484.8
13,315.80,10.5141,484.3
13,315.90,10.5177,483.9
13,316.00,10.5209,483.5
13,316.10,10.5244,483.0
13,316.20,10.5280,482.6
13,316.30,10.5314,482.1
13,316.40,10.5347,481.7
13,316.50,10.5377,481.1
13,316.60,10.5407,480.6
13,316.70,10.5442,480.2
13,316.80,10.5482,479.8
13,316.90,10.5520,479.4
13,317.00,10.5548,478.9
13,317.10,10.5574,478.3
13,317.20,10.5603,477.8
13,317.30,10.5638,477.3
13,317.40,10.5678,476.9
13,317.50,10.5713,476.4
13,317.60,10.5746,475.9
13,317.70,10.5781,475.5
13,317.80,10.5816,475.0
13,317.90,10.5848,474.5
13,318.00,10.5879,473.9
13,318.10,10.5909,473.4
13,318.20,10.5941,472.9
13,318.30,10.5980,472.5
13,318.40,10.6020,472.0
13,318.50,10.6053,471.5
13,318.60,10.6079,470.9
13,318.70,10.6106,470.3
13,318.80,10.6138,469.8
13,318.90,10.6175,469.3
13,319.00,10.6212,468.8
13,319.10,10.6243,468.3
13,319.20,10.6275,467.8
13,319.30,10.6311,467.3
13,319.40,10.6346,466.7
13,319.50,10.6379,466.2
13,319.60,10.6411,465.7
13,319.70,10.6442,465.1
13,319.80,10.6477,464.6
13,319.90,10.6516,464.1
13,320.00,10.6556,463.6
13,320.10,10.6585,463.0
13,320.20,10.6610,462.4
13,320.30,10.6637,461.7
13,320.40,10.6670,461.2
13,320.50,10.6708,460.7
13,320.60,10.6744,460.2
13,320.70,10.6777,459.6
13,320.80,10.6811,459.1
13,320.90,10.6847,458.5
13,321.00,10.6882,458.0
13,321.10,10.6916,457.4
13,321.20,10.6946,456.9
13,321.30,10.6977,456.3
13,321.40,10.7012,455.7
13,321.50,10.7052,455.3
13,321.60,10.7087,454.7
13,321.70,10.7113,454.1
13,321.80,10.7139,453.5
13,321.90,10.7168,452.9
13,322.00,10.7203,452.4
13,322.10,10.7241,451.9
13,322.20,10.7276,451.4
13,322.30,10.7311,450.9
13,322.40,10.7347,450.4
13,322.50,10.7382,449.8
13,322.60,10.7415,449.3
13,322.70,10.7447,448.8
13,322.80,10.7476,448.2
13,322.90,10.7506,447.6
13,323.00,10.7544,447.1
13,323.10,10.7585,446.7
13,323.20,10.7618,446.1
13,323.30,10.7645,445.5
13,323.40,10.7672,444.9
13,323.50,10.7703,444.3
13,323.60,10.7742,443.9
13,323.70,10.7779,443.4
13,323.80,10.7813,442.8
13,323.90,10.7847,442.3
13,324.00,10.7884,441.8
13,324.10,10.7917,441.3
13,324.20,10.7948,440.7
13,324.30,10.7979,440.2
13,324.40,10.8009,439.6
13,324.50,10.8044,439.1
13,324.60,10.8084,438.7
13,324.70,10.8122,438.2
13,324.80,10.8151,437.6
13,324.90,10.8176,437.0
13,325.00,10.8205,436.4
13,325.10,10.8238,435.9
13,325.20,10.8276,435.4
13,325.30,10.8308,434.9
13,325.40,10.8340,434.3
13,325.50,10.8374,433.8
13,325.60,10.8409,433.4
13,325.70,10.8444,432.9
13,325.80,10.8478,432.4
13,325.90,10.8509,431.8
13,326.00,10.8542,431.3
13,326.10,10.8579,430.8
13,326.20,10.8622,430.3
13,326.30,10.8657,429.5
13,326.40,10.8682,428.8
13,326.50,10.8708,428.0
13,326.60,10.8737,427.4
13,326.70,10.8772,426.8
13,326.80,10.8809,426.3
13,326.90,10.8843,425.7
13,327.00,10.8877,425.2
13,327.10,10.8914,424.6
13,327.20,10.8949,424.1
13,327.30,10.8984,423.6
13,327.40,10.9014,423.0
13,327.50,10.9045,422.4
13,327.60,10.9078,421.9
13,327.70,10.9116,421.4
13,327.80,10.9154,420.9
13,327.90,10.9184,420.4
13,328.00,10.9209,419.8
13,328.10,10.9236,419.2
13,328.20,10.9268,418.7
13,328.30,10.9306,418.3
13,328.40,10.9341,417.8
13,328.50,10.9375,417.4
13,328.60,10.9410,416.9
13,328.70,10.9446,416.5
13,328.80,10.9481,416.0
13,328.90,10.9515,415.6
13,329.00,10.9545,415.1
13,329.10,10.9576,414.6
13,329.20,10.9609,414.2
13,329.30,10.9649,413.8
13,329.40,10.9685,413.4
13,329.50,10.9714,412.9
13,329.60,10.9741,412.4
13,329.70,10.9770,411.9
13,329.80,10.9806,411.5
13,329.90,10.9846,411.1
13,330.00,10.9881,410.7
13,330.10,10.9914,410.3
13,330.20,10.9949,409.9
13,330.30,10.9982,409.5
13,330.40,11.0015,409.1
13,330.50,11.0046,408.6
13,330.60,11.0075,408.1
13,330.70,11.0107,407.7
13,330.80,11.0144,407.3
13,330.90,11.0184,407.0
13,331.00,11.0219,406.6
13,331.10,11.0246,406.1
13,331.20,11.0273,405.6
13,331.30,11.0303,405.2
13,331.40,11.0340,404.8
13,331.50,11.0376,404.4
13,331.60,11.0408,404.0
13,331.70,11.0440,403.6
13,331.80,11.0476,403.2
13,331.90,11.0512,402.8
13,332.00,11.0546,402.3
13,332.10,11.0577,401.9
13,332.20,11.0608,401.4
13,332.30,11.0642,401.0
13,332.40,11.0684,400.6
13,332.50,11.0724,400.2
13,332.60,11.0752,399.7
13,332.70,11.0777,399.2
13,332.80,11.0804,398.7
13,332.90,11.0837,398.2
13,333.00,11.0875,397.8
13,333.10,11.0911,397.4
13,333.20,11.0944,397.0
13,333.30,11.0978,396.6
13,333.40,11.1014,396.1
13,333.50,11.1050,395.7
13,333.60,11.1084,395.2
13,333.70,11.1115,394.7
13,333.80,11.1146,394.2
13,333.90,11.1181,393.8
13,334.00,11.1219,393.4
13,334.10,11.1253,392.9
13,334.20,11.1280,392.4
13,334.30,11.1306,391.8
13,334.40,11.1336,391.3
13,334.50,11.1371,390.8
13,334.60,11.1409,390.4
13,334.70,11.1442,390.0
13,334.80,11.1476,389.5
13,334.90,11.1513,389.0
13,335.00,11.1549,388.6
13,335.10,11.1582,388.1
13,335.20,11.1613,387.6
13,335.30,11.1642,387.1
13,335.40,11.1673,386.6
13,335.50,11.1711,386.1
13,335.60,11.1752,385.8
13,335.70,11.1786,385.3
13,335.80,11.1812,384.7
13,335.90,11.1839,384.2
13,336.00,11.1871,383.7
13,336.10,11.1910,383.3
13,336.20,11.1948,382.9
13,336.30,11.1980,382.4
13,336.40,11.2014,381.9
13,336.50,11.2049,381.4
13,336.60,11.2083,381.0
13,336.70,11.2114,380.4
13,336.80,11.2144,379.9
13,336.90,11.2174,379.4
13,337.00,11.2208,379.0
13,337.10,11.2249,378.6
13,337.20,11.2288,378.1
13,337.30,11.2317,377.6
13,337.40,11.2343,377.1
13,337.50,11.2372,376.5
13,337.60,11.2405,376.0
13,337.70,11.2442,375.6
13,337.80,11.2476,375.1
13,337.90,11.2507,374.6
13,338.00,11.2540,374.1
13,338.10,11.2575,373.6
13,338.20,11.2610,373.1
13,338.30,11.2644,372.6
13,338.40,11.2676,372.1
13,338.50,11.2709,371.6
13,338.60,11.2747,371.1
13,338.70,11.2789,370.7
13,338.80,11.2824,370.1
13,338.90,11.2850,369.5
13,339.00,11.2876,368.9
13,339.10,11.2904,368.2
13,339.20,11.2939,367.7
13,339.30,11.2976,367.2
13,339.40,11.3009,366.6
13,339.50,11.3042,366.0
13,339.60,11.3078,365.3
13,339.70,11.3114,364.7
13,339.80,11.3150,364.0
13,339.90,11.3182,363.2
13,340.00,11.3212,362.5
13,340.10,11.3245,361.7
13,340.20,11.3283,361.0
13,340.30,11.3321,360.3
13,340.40,11.3349,359.5
13,340.50,11.3375,358.6
13,340.60,11.3402,357.8
13,340.70,11.3434,357.0
13,340.80,11.3472,356.2
13,340.90,11.3507,355.5
13,341.00,11.3541,354.7
13,341.10,11.3577,353.9
13,341.20,11.3613,353.1
13,341.30,11.3648,352.3
13,341.40,11.3681,351.5
13,341.50,11.3711,350.6
13,341.60,11.3739,349.8
13,341.70,11.3773,348.9
13,341.80,11.3815,348.2
13,341.90,11.3855,347.4
13,342.00,11.3884,346.5
13,342.10,11.3910,345.5
13,342.20,11.3939,344.6
13,342.30,11.3975,343.7
13,342.40,11.4016,342.8
13,342.50,11.4048,341.9
13,342.60,11.4079,340.9
13,342.70,11.4115,339.9
13,342.80,11.4150,338.9
13,342.90,11.4182,337.9
13,343.00,11.4213,336.8
13,343.10,11.4243,335.7
13,343.20,11.4274,334.6
13,343.30,11.4311,333.6
13,343.40,11.4352,332.6
13,343.50,11.4386,331.5
13,343.60,11.4413,330.2
13,343.70,11.4440,329.0
13,343.80,11.4472,327.8
13,343.90,11.4509,326.7
13,344.00,11.4544,325.5
13,344.10,11.4574,324.3
13,344.20,11.4606,323.1
13,344.30,11.4643,321.9
13,344.40,11.4679,320.7
13,344.50,11.4713,319.5
13,344.60,11.4744,318.2
13,344.70,11.4775,317.0
13,344.80,11.4809,315.7
13,344.90,11.4851,314.4
13,345.00,11.4891,313.1
13,345.10,11.4921,311.8
13,345.20,11.4946,310.4
13,345.30,11.4973,309.1
13,345.40,11.5006,307.8
13,345.50,11.5043,306.5
13,345.60,11.5077,305.3
13,345.70,11.5109,304.0
13,345.80,11.5145,302.8
13,345.90,11.5181,301.5
13,346.00,11.5216,300.3
13,346.10,11.5250,299.0
13,346.20,11.5279,297.7
13,346.30,11.5309,296.4
13,346.40,11.5345,295.2
13,346.50,11.5386,294.1
13,346.60,11.5420,292.9
13,346.70,11.5446,291.7
13,346.80,11.5472,290.4
13,346.90,11.5502,289.2
13,347.00,11.5537,288.0
13,347.10,11.5574,286.9
13,347.20,11.5607,285.7
13,347.30,11.5642,284.5
13,347.40,11.5679,283.4
13,347.50,11.5715,282.2
13,347.60,11.5749,281.1
13,347.70,11.5781,279.9
13,347.80,11.5811,278.7
13,347.90,11.5842,277.6
13,348.00,11.5879,276.5
13,348.10,11.5920,275.5
13,348.20,11.5954,274.3
13,348.30,11.5980,273.1
13,348.40,11.6007,271.9
13,348.50,11.6039,270.0
13,348.60,11.6077,268.8
13,348.70,11.6114,267.7
13,348.80,11.6147,266.5
13,348.90,11.6181,265.2
13,349.00,11.6215,263.9
13,349.10,11.6248,262.6
13,349.20,11.6281,261.4
13,349.30,11.6311,260.2
13,349.40,11.6341,259.1
13,349.50,11.6375,257.9
13,349.60,11.6414,256.9
13,349.70,11.6451,255.8
13,349.80,11.6481,254.7
13,349.90,11.6507,253.6
13,350.00,11.6536,252.5
13,350.10,11.6569,251.5
13,350.20,11.6607,250.5
13,350.30,11.6640,249.5
13,350.40,11.6672,248.3
13,350.50,11.6708,247.0
13,350.60,11.6746,245.9
13,350.70,11.6782,244.9
13,350.80,11.6814,243.9
13,350.90,11.6845,243.0
13,351.00,11.6877,242.0
13,351.10,11.6913,241.2
13,351.20,11.6955,240.3
13,351.30,11.6990,239.5
13,351.40,11.7016,238.6
13,351.50,11.7042,237.8
13,351.60,11.7070,237.0
13,351.70,11.7106,236.3
13,351.80,11.7143,235.6
13,351.90,11.7176,234.9
13,352.00,11.7211,234.2
13,352.10,11.7249,233.5
13,352.20,11.7284,232.9
13,352.30,11.7317,232.2
13,352.40,11.7347,231.5
13,352.50,11.7377,230.8
13,352.60,11.7410,230.2
13,352.70,11.7449,229.6
13,352.80,11.7486,229.1
13,352.90,11.7517,228.5
13,353.00,11.7543,227.8
13,353.10,11.7571,227.2
13,353.20,11.7603,226.5
13,353.30,11.7639,225.9
13,353.40,11.7675,225.3
13,353.50,11.7709,224.7
13,353.60,11.7745,224.1
13,353.70,11.7781,223.5
13,353.80,11.7817,222.9
13,353.90,11.7850,222.3
13,354.00,11.7879,221.7
13,354.10,11.7909,221.0
13,354.20,11.7943,220.2
13,354.30,11.7984,219.6
13,354.40,11.8021,219.0
13,354.50,11.8049,218.3
13,354.60,11.8076,217.6
13,354.70,11.8105,216.8
13,354.80,11.8139,216.1
13,354.90,11.8178,215.4
13,355.00,11.8213,214.7
13,355.10,11.8246,214.0
13,355.20,11.8282,213.2
13,355.30,11.8315,212.5
13,355.40,11.8347,211.9
13,355.50,11.8379,211.2
13,355.60,11.8408,210.4
13,355.70,11.8440,209.7
13,355.80,11.8477,209.1
13,355.90,11.8518,208.4
13,356.00,11.8552,207.7
13,356.10,11.8579,207.0
13,356.20,11.8606,206.3
13,356.30,11.8637,205.6
13,356.40,11.8675,205.0
13,356.50,11.8711,204.4
13,356.60,11.8741,203.7
13,356.70,11.8774,203.1
13,356.80,11.8810,202.5
13,356.90,11.8846,202.0
13,357.00,11.8881,201.5
13,357.10,11.8913,200.9
13,357.20,11.8944,200.4
13,357.30,11.8978,199.9
13,357.40,11.9018,199.4
13,357.50,11.9058,199.0
13,357.60,11.9087,198.4
13,357.70,11.9111,197.9
13,357.80,11.9138,197.4
13,357.90,11.9170,196.9
13,358.00,11.9208,196.4
13,358.10,11.9243,195.9
13,358.20,11.9275,195.4
13,358.30,11.9311,194.9
13,358.40,11.9347,194.4
13,358.50,11.9382,193.9
13,358.60,11.9414,193.5
13,358.70,11.9444,193.0
13,358.80,11.9475,192.5
13,358.90,11.9511,191.8
13,359.00,11.9550,191.4
13,359.10,11.9584,190.9
13,359.20,11.9612,190.4
13,359.30,11.9638,189.9
13,359.40,11.9668,189.4
13,359.50,11.9703,189.0
13,359.60,11.9742,188.6
13,359.70,11.9776,188.2
13,359.80,11.9810,187.7
13,359.90,11.9846,187.4
13,360.00,11.9882,187.0
13,360.10,11.9916,186.6
13,360.20,11.9947,186.2
13,360.30,11.9976,185.8
13,360.40,12.0008,185.4
13,360.50,12.0045,185.1
13,360.60,12.0087,184.8
13,360.70,12.0121,184.4
13,360.80,12.0147,184.0
13,360.90,12.0174,183.5
13,361.00,12.0206,183.1
13,361.10,12.0244,182.8
13,361.20,12.0280,182.4
13,361.30,12.0312,182.0
13,361.40,12.0345,181.6
13,361.50,12.0381,181.2
13,361.60,12.0414,180.8
13,361.70,12.0446,180.4
13,361.80,12.0477,180.0
13,361.90,12.0507,179.6
13,362.00,12.0541,179.3
13,362.10,12.0581,179.0
13,362.20,12.0621,178.7
13,362.30,12.0651,178.3
13,362.40,12.0677,177.9
13,362.50,12.0706,177.5
13,362.60,12.0740,177.2
13,362.70,12.0777,176.9
13,362.80,12.0809,176.6
13,362.90,12.0840,176.2
13,363.00,12.0875,175.9
13,363.10,12.0910,175.6
13,363.20,12.0945,175.3
13,363.30,12.0978,175.0
13,363.40,12.1010,174.3
13,363.50,12.1042,173.9
13,363.60,12.1080,173.5
13,363.70,12.1123,173.2
13,363.80,12.1159,172.8
13,363.90,12.1185,172.3
13,364.00,12.1210,171.8
13,364.10,12.1238,171.4
13,364.20,12.1273,171.0
13,364.30,12.1309,170.6
13,364.40,12.1341,170.1
13,364.50,12.1375,169.6
13,364.60,12.1411,169.0
13,364.70,12.1447,168.6
13,364.80,12.1481,168.3
13,364.90,12.1512,167.8
13,365.00,12.1543,167.4
13,365.10,12.1576,167.1
13,365.20,12.1615,166.8
13,365.30,12.1653,166.5
13,365.40,12.1683,166.2
13,365.50,12.1710,165.8
13,365.60,12.1738,165.5
13,365.70,12.1770,165.2
13,365.80,12.1808,165.0
13,365.90,12.1842,164.7
13,366.00,12.1874,164.4
13,366.10,12.1910,164.2
13,366.20,12.1948,164.0
13,366.30,12.1983,163.8
13,366.40,12.2016,163.5
13,366.50,12.2046,163.3
13,366.60,12.2076,163.0
13,366.70,12.2110,162.8
13,366.80,12.2150,162.6
13,366.90,12.2188,162.4
13,367.00,12.2217,162.2
13,367.10,12.2243,161.9
13,367.20,12.2272,161.6
13,367.30,12.2306,161.5
13,367.40,12.2345,161.3
13,367.50,12.2378,161.1
13,367.60,12.2410,160.8
13,367.70,12.2445,160.7
13,367.80,12.2480,160.4
13,367.90,12.2513,160.2
13,368.00,12.2545,160.0
13,368.10,12.2575,159.7
13,368.20,12.2606,159.5
13,368.30,12.2642,159.3
13,368.40,12.2681,159.2
13,368.50,12.2717,159.0
13,368.60,12.2746,158.7
13,368.70,12.2773,158.5
13,368.80,12.2803,158.3
13,368.90,12.2840,158.1
13,369.00,12.2876,158.0
13,369.10,12.2907,157.7
13,369.20,12.2941,157.6
13,369.30,12.2978,157.4
13,369.40,12.3014,157.3
13,369.50,12.3048,157.1
13,369.60,12.3079,156.9
13,369.70,12.3111,156.7
13,369.80,12.3145,156.5
13,369.90,12.3186,156.5
13,370.00,12.3225,156.3
13,370.10,12.3253,156.1
13,370.20,12.3278,155.9
13,370.30,12.3305,155.7
13,370.40,12.3337,155.5
13,370.50,12.3375,155.4
13,370.60,12.3409,155.2
13,370.70,12.3441,155.0
13,370.80,12.3476,154.9
13,370.90,12.3514,154.7
13,371.00,12.3549,154.6
13,371.10,12.3582,154.4
13,371.20,12.3612,154.2
13,371.30,12.3643,154.1
13,371.40,12.3678,153.9
13,371.50,12.3718,153.8
13,371.60,12.3753,153.7
13,371.70,12.3780,153.4
13,371.80,12.3807,153.2
13,371.90,12.3836,153.0
13,372.00,12.3872,152.9
13,372.10,12.3910,152.7
13,372.20,12.3942,152.5
13,372.30,12.3975,152.3
13,372.40,12.4012,152.0
13,372.50,12.4049,151.8
13,372.60,12.4084,151.6
13,372.70,12.4116,151.4
13,372.80,12.4145,151.1
13,372.90,12.4176,150.9
13,373.00,12.4213,150.8
13,373.10,12.4252,150.6
13,373.20,12.4285,150.4
13,373.30,12.4311,150.2
13,373.40,12.4338,149.9
13,373.50,12.4369,149.7
13,373.60,12.4407,149.5
13,373.70,12.4444,149.3
13,373.80,12.4477,149.1
13,373.90,12.4511,148.9
13,374.00,12.4548,148.6
13,374.10,12.4582,148.3
13,374.20,12.4615,146.6
13,374.30,12.4644,146.3
13,374.40,12.4674,146.0
13,374.50,12.4708,145.8
13,374.57,12.4736,145.6
14,0.00,0.0000,0.0
14,0.10,0.0002,0.0
14,0.20,0.0008,0.0
14,0.30,0.0018,-0.1
14,0.40,0.0037,-0.1
14,0.50,0.0058,-0.1
14,0.60,0.0080,0.0
14,0.70,0.0115,0.1
14,0.80,0.0157,0.2
14,0.90,0.0196,0.4
14,1.00,0.0234,0.6
14,1.10,0.0270,0.9
14,1.20,0.0304,1.1
14,1.30,0.0335,1.3
14,1.40,0.0365,1.5
14,1.50,0.0396,1.8
14,1.60,0.0431,2.0
14,1.70,0.0467,2.3
14,1.80,0.0500,2.7
14,1.90,0.0534,3.0
14,2.00,0.0571,3.4
14,2.10,0.0606,3.7
14,2.20,0.0639,4.1
14,2.30,0.0671,4.4
14,2.40,0.0701,4.7
14,2.50,0.0733,5.1
14,2.60,0.0768,5.4
14,2.70,0.0803,5.8
14,2.80,0.0837,6.2
14,2.90,0.0867,6.5
14,3.00,0.0896,6.8
14,3.10,0.0928,7.1
14,3.20,0.0964,7.5
14,3.30,0.1000,7.9
14,3.40,0.1032,8.3
14,3.50,0.1067,8.7
14,3.60,0.1104,9.1
14,3.70,0.1138,9.4
14,3.80,0.1172,9.8
14,3.90,0.1203,10.1
14,4.00,0.1234,10.5
14,4.10,0.1268,10.8
14,4.20,0.1304,11.3
14,4.30,0.1340,11.7
14,4.40,0.1371,12.0
14,4.50,0.1399,12.3
14,4.60,0.1429,12.7
14,4.70,0.1463,13.1
14,4.80,0.1500,13.5
14,4.90,0.1533,13.8
14,5.00,0.1565,14.2
14,5.10,0.1600,14.6
14,5.20,0.1636,15.0
14,5.30,0.1670,15.4
14,5.40,0.1703,15.8
14,5.50,0.1733,16.1
14,5.60,0.1764,16.5
14,5.70,0.1800,16.8
14,5.80,0.1838,17.2
14,5.90,0.1873,17.6
14,6.00,0.1903,18.0
14,6.10,0.1931,18.2
14,6.20,0.1960,18.6
14,6.30,0.1997,19.0
14,6.40,0.2035,19.4
14,6.50,0.2069,19.8
14,6.60,0.2103,20.2
14,6.70,0.2138,20.5
14,6.80,0.2174,20.9
14,6.90,0.2209,21.3
14,7.00,0.2240,21.7
14,7.10,0.2270,22.0
14,7.20,0.2303,22.4
14,7.30,0.2339,22.8
14,7.40,0.2372,23.2
14,7.50,0.2404,23.6
14,7.60,0.2433,23.9
14,7.70,0.2462,24.3
14,7.80,0.2495,24.6
14,7.90,0.2533,25.1
14,8.00,0.2568,25.5
14,8.10,0.2600,25.9
14,8.20,0.2634,26.3
14,8.30,0.2671,26.7
14,8.40,0.2705,27.1
14,8.50,0.2738,27.5
14,8.60,0.2768,27.8
14,8.70,0.2797,28.2
14,8.80,0.2831,28.6
14,8.90,0.2868,29.0
14,9.00,0.2905,29.4
14,9.10,0.2938,29.8
14,9.20,0.2967,30.2
14,9.30,0.2997,30.5
14,9.40,0.3031,30.9
14,9.50,0.3069,31.4
14,9.60,0.3103,31.8
14,9.70,0.3137,32.2
14,9.80,0.3172,32.6
14,9.90,0.3206,33.0
14,10.00,0.3239,33.3
14,10.10,0.3271,33.7
14,10.20,0.3302,34.1
14,10.30,0.3333,34.5
14,10.40,0.3368,34.9
14,10.50,0.3404,35.3
14,10.60,0.3439,35.7
14,10.70,0.3469,36.1
14,10.80,0.3497,36.4
14,10.90,0.3529,36.7
14,11.00,0.3566,37.2
14,11.10,0.3602,37.6
14,11.20,0.3634,38.0
14,11.30,0.3668,38.4
14,11.40,0.3704,38.8
14,11.50,0.3739,39.3
14,11.60,0.3772,39.6
14,11.70,0.3803,40.0
14,11.80,0.3833,40.3
14,11.90,0.3867,40.7
14,12.00,0.3904,41.2
14,12.10,0.3941,41.6
14,12.20,0.3974,42.0
14,12.30,0.4002,42.3
14,12.40,0.4030,42.7
14,12.50,0.4062,43.0
14,12.60,0.4099,43.5
14,12.70,0.4134,43.9
14,12.80,0.4167,44.3
14,12.90,0.4203,44.7
14,13.00,0.4240,45.1
14,13.10,0.4274,45.5
14,13.20,0.4308,45.9
14,13.30,0.4337,46.3
14,13.40,0.4367,46.6
14,13.50,0.4401,47.0
14,13.60,0.4436,47.4
14,13.70,0.4470,47.8
14,13.80,0.4502,48.2
14,13.90,0.4530,48.5
14,14.00,0.4560,48.9
14,14.10,0.4595,49.3
14,14.20,0.4633,49.8
14,14.30,0.4667,50.1
14,14.40,0.4700,50.5
14,14.50,0.4735,50.9
14,14.60,0.4770,51.4
14,14.70,0.4804,51.7
14,14.80,0.4837,52.1
14,14.90,0.4867,52.5
14,15.00,0.4898,52.8
14,15.10,0.4934,53.3
14,15.20,0.4971,53.7
14,15.30,0.5006,54.1
14,15.40,0.5036,54.5
14,15.50,0.5065,54.8
14,15.60,0.5097,55.2
14,15.70,0.5134,55.6
14,15.80,0.5170,56.1
14,15.90,0.5203,56.4
14,16.00,0.5238,56.9
14,16.10,0.5273,57.3
14,16.20,0.5306,57.7
14,16.30,0.5339,58.0
14,16.40,0.5369,58.4
14,16.50,0.5400,58.8
14,16.60,0.5434,59.2
14,16.70,0.5471,59.6
14,16.80,0.5506,60.0
14,16.90,0.5538,60.4
14,17.00,0.5567,60.7
14,17.10,0.5596,61.1
14,17.20,0.5630,61.5
14,17.30,0.5667,61.9
14,17.40,0.5700,62.3
14,17.50,0.5732,62.7
14,17.60,0.5766,63.1
14,17.70,0.5802,63.5
14,17.80,0.5837,63.9
14,17.90,0.5870,64.3
14,18.00,0.5901,64.7
14,18.10,0.5933,65.1
14,18.20,0.5968,65.5
14,18.30,0.6005,65.9
14,18.40,0.6040,66.3
14,18.50,0.6071,66.7
14,18.60,0.6099,67.0
14,18.70,0.6129,67.4
14,18.80,0.6164,67.8
14,18.90,0.6201,68.2
14,19.00,0.6234,68.6
14,19.10,0.6268,69.0
14,19.20,0.6305,69.5
14,19.30,0.6340,69.9
14,19.40,0.6373,70.3
14,19.50,0.6404,70.6
14,19.60,0.6435,71.0
14,19.70,0.6468,71.4
14,19.80,0.6504,71.8
14,19.90,0.6539,72.2
14,20.00,0.6571,72.6
14,20.10,0.6599,72.9
14,20.20,0.6628,73.2
14,20.30,0.6661,73.6
14,20.40,0.6700,74.1
14,20.50,0.6736,74.5
14,20.60,0.6768,74.9
14,20.70,0.6803,75.3
14,20.80,0.6839,75.7
14,20.90,0.6873,76.1
14,21.00,0.6905,76.5
14,21.10,0.6935,76.8
14,21.20,0.6966,77.2
14,21.30,0.7000,77.6
14,21.40,0.7037,78.0
14,21.50,0.7072,78.5
14,21.60,0.7105,78.8
14,21.70,0.7133,79.2
14,21.80,0.7164,79.5
14,21.90,0.7199,79.9
14,22.00,0.7236,80.4
14,22.10,0.7269,80.7
14,22.20,0.7302,81.1
14,22.30,0.7338,81.6
14,22.40,0.7373,82.0
14,22.50,0.7406,82.4
14,22.60,0.7438,82.7
14,22.70,0.7468,83.1
14,22.80,0.7499,83.5
14,22.90,0.7534,83.9
14,23.00,0.7569,84.3
14,23.10,0.7603,84.7
14,23.20,0.7634,85.0
14,23.30,0.7663,85.4
14,23.40,0.7694,85.7
14,23.50,0.7730,86.2
14,23.60,0.7767,86.6
14,23.70,0.7799,87.0
14,23.80,0.7832,87.4
14,23.90,0.7868,87.8
14,24.00,0.7903,88.2
14,24.10,0.7937,88.6
14,24.20,0.7968,89.0
14,24.30,0.7998,89.3
14,24.40,0.8032,89.7
14,24.50,0.8069,90.2
14,24.60,0.8107,90.6
14,24.70,0.8141,91.0
14,24.80,0.8170,91.3
14,24.90,0.8198,91.6
14,25.00,0.8230,92.0
14,25.10,0.8267,92.5
14,25.20,0.8302,92.9
14,25.30,0.8335,93.3
14,25.40,0.8371,93.7
14,25.50,0.8407,94.2
14,25.60,0.8441,94.6
14,25.70,0.8474,94.9
14,25.80,0.8504,95.3
14,25.90,0.8535,95.6
14,26.00,0.8569,96.0
14,26.10,0.8604,96.5
14,26.20,0.8636,96.8
14,26.30,0.8667,97.2
14,26.40,0.8696,97.5
14,26.50,0.8727,97.9
14,26.60,0.8762,98.3
14,26.70,0.8800,98.8
14,26.80,0.8834,99.2
14,26.90,0.8867,99.5
14,27.00,0.8904,100.0
14,27.10,0.8938,100.4
14,27.20,0.8972,100.8
14,27.30,0.9004,101.1
14,27.40,0.9034,101.5
14,27.50,0.9066,101.9
14,27.60,0.9101,102.3
14,27.70,0.9139,102.7
14,27.80,0.9174,103.1
14,27.90,0.9204,103.5
14,28.00,0.9232,103.8
14,28.10,0.9264,104.2
14,28.20,0.9302,104.7
14,28.30,0.9338,105.1
14,28.40,0.9370,105.4
14,28.50,0.9404,105.8
14,28.60,0.9438,106.2
14,28.70,0.9471,106.6
14,28.80,0.9504,107.0
14,28.90,0.9535,107.4
14,29.00,0.9565,107.7
14,29.10,0.9599,108.1
14,29.20,0.9635,108.5
14,29.30,0.9671,109.0
14,29.40,0.9704,109.3
14,29.50,0.9733,109.6
14,29.60,0.9763,110.0
14,29.70,0.9798,110.4
14,29.80,0.9836,110.9
14,29.90,0.9868,111.2
14,30.00,0.9900,111.6
14,30.10,0.9935,112.0
14,30.20,0.9971,112.4
14,30.30,1.0005,112.8
14,30.40,1.0037,113.2
14,30.50,1.0068,113.6
14,30.60,1.0101,114.0
14,30.70,1.0137,114.4
14,30.80,1.0174,114.8
14,30.90,1.0208,115.2
14,31.00,1.0238,115.6
14,31.10,1.0265,115.9
14,31.20,1.0295,116.3
14,31.30,1.0332,116.7
14,31.40,1.0369,117.2
14,31.50,1.0402,117.5
14,31.60,1.0436,117.9
14,31.70,1.0472,118.4
14,31.80,1.0506,118.8
14,31.90,1.0539,119.2
14,32.00,1.0571,119.5
14,32.10,1.0600,119.9
14,32.20,1.0631,120.2
14,32.30,1.0666,120.6
14,32.40,1.0701,121.0
14,32.50,1.0735,121.4
14,32.60,1.0765,121.8
14,32.70,1.0794,122.1
14,32.80,1.0827,122.5
14,32.90,1.0864,122.9
14,33.00,1.0901,123.4
14,33.10,1.0934,123.8
14,33.20,1.0969,124.2
14,33.30,1.1005,124.6
14,33.40,1.1040,125.0
14,33.50,1.1072,125.4
14,33.60,1.1102,125.7
14,33.70,1.1132,126.1
14,33.80,1.1166,126.5
14,33.90,1.1203,126.9
14,34.00,1.1239,127.3
14,34.10,1.1271,127.7
14,34.20,1.1299,128.0
14,34.30,1.1329,128.4
14,34.40,1.1364,128.8
14,34.50,1.1403,129.3
14,34.60,1.1437,129.7
14,34.70,1.1471,130.1
14,34.80,1.1506,130.5
14,34.90,1.1538,130.9
14,35.00,1.1572,131.3
14,35.10,1.1604,131.6
14,35.20,1.1634,132.0
14,35.30,1.1666,132.4
14,35.40,1.1702,132.8
14,35.50,1.1738,133.2
14,35.60,1.1772,133.6
14,35.70,1.1802,134.0
14,35.80,1.1831,134.3
14,35.90,1.1862,134.6
14,36.00,1.1899,135.1
14,36.10,1.1934,135.5
14,36.20,1.1966,135.9
14,36.30,1.2000,136.3
14,36.40,1.2036,136.7
14,36.50,1.2071,137.1
14,36.60,1.2104,137.5
14,36.70,1.2136,137.9
14,36.80,1.2168,138.3
14,36.90,1.2202,138.7
14,37.00,1.2239,139.1
14,37.10,1.2274,139.5
14,37.20,1.2307,139.9
14,37.30,1.2334,140.2
14,37.40,1.2363,140.5
14,37.50,1.2395,140.9
14,37.60,1.2432,141.4
14,37.70,1.2467,141.8
14,37.80,1.2501,142.2
14,37.90,1.2537,142.6
14,38.00,1.2573,143.0
14,38.10,1.2606,143.4
14,38.20,1.2639,143.8
14,38.30,1.2670,144.1
14,38.40,1.2701,144.5
14,38.50,1.2734,144.9
14,38.60,1.2769,145.3
14,38.70,1.2803,145.7
14,38.80,1.2834,146.1
14,38.90,1.2863,146.4
14,39.00,1.2894,146.7
14,39.10,1.2930,147.2
14,39.20,1.2968,147.6
14,39.30,1.3002,148.0
14,39.40,1.3037,148.4
14,39.50,1.3073,148.8
14,39.60,1.3108,149.3
14,39.70,1.3141,149.7
14,39.80,1.3172,150.0
14,39.90,1.3202,150.4
14,40.00,1.3234,150.7
14,40.10,1.3269,151.2
14,40.20,1.3306,151.6
14,40.30,1.3340,152.0
14,40.40,1.3370,152.3
14,40.50,1.3398,152.7
14,40.60,1.3431,153.1
14,40.70,1.3468,153.5
14,40.80,1.3503,153.9
14,40.90,1.3535,154.3
14,41.00,1.3569,154.7
14,41.10,1.3603,155.1
14,41.20,1.3637,155.5
14,41.30,1.3671,155.9
14,41.40,1.3702,156.2
14,41.50,1.3732,156.6
14,41.60,1.3765,157.0
14,41.70,1.3801,157.4
14,41.80,1.3838,157.9
14,41.90,1.3870,158.2
14,42.00,1.3899,158.5
14,42.10,1.3928,158.9
14,42.20,1.3962,159.3
14,42.30,1.4000,159.7
14,42.40,1.4033,160.1
14,42.50,1.4066,160.5
14,42.60,1.4101,160.9
14,42.70,1.4136,161.3
14,42.80,1.4170,161.8
14,42.90,1.4203,162.2
14,43.00,1.4235,162.5
14,43.10,1.4266,162.9
14,43.20,1.4303,163.3
14,43.30,1.4341,163.8
14,43.40,1.4376,164.2
14,43.50,1.4405,164.5
14,43.60,1.4432,164.8
14,43.70,1.4461,165.2
14,43.80,1.4496,165.6
14,43.90,1.4533,166.1
14,44.00,1.4567,166.5
14,44.10,1.4601,166.9
14,44.20,1.4638,167.3
14,44.30,1.4673,167.7
14,44.40,1.4707,168.1
14,44.50,1.4738,168.5
14,44.60,1.4768,168.8
14,44.70,1.4801,169.2
14,44.80,1.4836,169.6
14,44.90,1.4870,170.1
14,45.00,1.4903,170.4
14,45.10,1.4933,170.8
14,45.20,1.4961,171.1
14,45.30,1.4994,171.5
14,45.40,1.5032,171.9
14,45.50,1.5069,172.4
14,45.60,1.5102,172.8
14,45.70,1.5137,173.2
14,45.80,1.5173,173.6
14,45.90,1.5207,174.0
14,46.00,1.5239,174.4
14,46.10,1.5269,174.7
14,46.20,1.5299,175.1
14,46.30,1.5334,175.5
14,46.40,1.5371,175.9
14,46.50,1.5406,176.3
14,46.60,1.5437,176.7
14,46.70,1.5466,177.0
14,46.80,1.5497,177.4
14,46.90,1.5532,177.8
14,47.00,1.5569,178.2
14,47.10,1.5602,178.6
14,47.20,1.5635,179.0
14,47.30,1.5671,179.4
14,47.40,1.5705,179.8
14,47.50,1.5738,180.2
14,47.60,1.5770,180.6
14,47.70,1.5800,180.9
14,47.80,1.5832,181.3
14,47.90,1.5867,181.7
14,48.00,1.5904,182.2
14,48.10,1.5940,182.5
14,48.20,1.5970,182.9
14,48.30,1.5998,183.2
14,48.40,1.6030,183.6
14,48.50,1.6068,184.0
14,48.60,1.6103,184.4
14,48.70,1.6135,184.8
14,48.80,1.6168,185.2
14,48.90,1.6204,185.6
14,49.00,1.6240,186.0
14,49.10,1.6272,186.4
14,49.20,1.6303,186.8
14,49.30,1.6335,187.1
14,49.40,1.6368,187.5
14,49.50,1.6405,188.0
14,49.60,1.6441,188.4
14,49.70,1.6473,188.8
14,49.80,1.6500,189.1
14,49.90,1.6528,189.4
14,50.00,1.6561,189.8
14,50.10,1.6598,190.2
14,50.20,1.6634,190.6
14,50.30,1.6667,191.0
14,50.40,1.6702,191.4
14,50.50,1.6738,191.8
14,50.60,1.6772,192.3
14,50.70,1.6805,192.6
14,50.80,1.6836,193.0
14,50.90,1.6867,193.3
14,51.00,1.6901,193.7
14,51.10,1.6935,194.1
14,51.20,1.6969,194.6
14,51.30,1.7001,194.9
14,51.40,1.7030,195.2
14,51.50,1.7061,195.6
14,51.60,1.7097,196.0
14,51.70,1.7135,196.5
14,51.80,1.7169,196.9
14,51.90,1.7203,197.3
14,52.00,1.7239,197.7
14,52.10,1.7273,198.1
14,52.20,1.7306,198.5
14,52.30,1.7337,198.8
14,52.40,1.7366,199.2
14,52.50,1.7398,199.5
14,52.60,1.7434,200.0
14,52.70,1.7471,200.4
14,52.80,1.7505,200.8
14,52.90,1.7535,201.2
14,53.00,1.7564,201.5
14,53.10,1.7596,201.9
14,53.20,1.7633,202.3
14,53.30,1.7669,202.7
14,53.40,1.7702,203.1
14,53.50,1.7736,203.5
14,53.60,1.7770,203.9
14,53.70,1.7804,204.3
14,53.80,1.7837,204.7
14,53.90,1.7868,205.1
14,54.00,1.7899,205.4
14,54.10,1.7933,205.8
14,54.20,1.7970,206.2
14,54.30,1.8007,206.7
14,54.40,1.8040,207.1
14,54.50,1.8068,207.4
14,54.60,1.8098,207.7
14,54.70,1.8132,208.1
14,54.80,1.8168,208.5
14,54.90,1.8201,208.9
14,55.00,1.8234,209.3
14,55.10,1.8269,209.7
14,55.20,1.8303,210.1
14,55.30,1.8337,210.5
14,55.40,1.8370,210.9
14,55.50,1.8401,211.2
14,55.60,1.8433,211.6
14,55.70,1.8469,212.0
14,55.80,1.8506,212.5
14,55.90,1.8541,212.9
14,56.00,1.8571,213.2
14,56.10,1.8598,213.5
14,56.20,1.8628,213.8
14,56.30,1.8663,214.3
14,56.40,1.8700,214.7
14,56.50,1.8734,215.1
14,56.60,1.8768,215.5
14,56.70,1.8804,215.9
14,56.80,1.8839,216.3
14,56.90,1.8873,216.7
14,57.00,1.8905,217.1
14,57.10,1.8934,217.4
14,57.20,1.8967,217.8
14,57.30,1.9003,218.2
14,57.40,1.9037,218.6
14,57.50,1.9070,219.0
14,57.60,1.9100,219.3
14,57.70,1.9129,219.7
14,57.80,1.9163,220.1
14,57.90,1.9202,220.5
14,58.00,1.9238,221.0
14,58.10,1.9271,221.3
14,58.20,1.9305,221.7
14,58.30,1.9340,222.2
14,58.40,1.9374,222.5
14,58.50,1.9406,222.9
14,58.60,1.9436,223.2
14,58.70,1.9467,223.6
14,58.80,1.9501,224.0
14,58.90,1.9537,224.4
14,59.00,1.9571,224.8
14,59.10,1.9603,225.2
14,59.20,1.9632,225.5
14,59.30,1.9662,225.9
14,59.40,1.9697,226.3
14,59.50,1.9735,226.7
14,59.60,1.9769,227.1
14,59.70,1.9802,227.5
14,59.80,1.9837,227.9
14,59.90,1.9871,228.3
14,60.00,1.9904,228.7
14,60.10,1.9936,229.0
14,60.20,1.9966,229.4
14,60.30,1.9997,229.7
14,60.40,2.0032,230.1
14,60.50,2.0070,230.6
14,60.60,2.0106,231.0
14,60.70,2.0136,231.3
14,60.80,2.0165,231.7
14,60.90,2.0197,232.0
14,61.00,2.0234,232.5
14,61.10,2.0268,232.9
14,61.20,2.0301,233.2
14,61.30,2.0334,233.6
14,61.40,2.0369,234.0
14,61.50,2.0404,234.4
14,61.60,2.0437,234.8
14,61.70,2.0468,235.2
14,61.80,2.0499,235.5
14,61.90,2.0534,235.9
14,62.00,2.0571,236.4
14,62.10,2.0607,236.8
14,62.20,2.0639,237.2
14,62.30,2.0667,237.5
14,62.40,2.0695,237.8
14,62.50,2.0727,238.1
14,62.60,2.0764,238.6
14,62.70,2.0799,239.0
14,62.80,2.0834,239.4
14,62.90,2.0870,239.8
14,63.00,2.0906,240.2
14,63.10,2.0941,240.6
14,63.20,2.0974,241.0
14,63.30,2.1004,241.3
14,63.40,2.1035,241.6
14,63.50,2.1070,242.1
14,63.60,2.1104,242.4
14,63.70,2.1137,242.8
14,63.80,2.1168,243.2
14,63.90,2.1198,243.5
14,64.00,2.1229,243.8
14,64.10,2.1264,244.3
14,64.20,2.1302,244.7
14,64.30,2.1337,245.1
14,64.40,2.1371,245.5
14,64.50,2.1406,245.9
14,64.60,2.1440,246.3
14,64.70,2.1473,246.7
14,64.80,2.1504,247.0
14,64.90,2.1533,247.3
14,65.00,2.1565,247.7
14,65.10,2.1600,248.1
14,65.20,2.1636,248.5
14,65.30,2.1671,248.9
14,65.40,2.1701,249.2
14,65.50,2.1730,249.6
14,65.60,2.1762,250.0
14,65.70,2.1799,250.4
14,65.80,2.1836,250.8
14,65.90,2.1870,251.2
14,66.00,2.1904,251.6
14,66.10,2.1938,252.0
14,66.20,2.1971,252.4
14,66.30,2.2004,252.8
14,66.40,2.2036,253.1
14,66.50,2.2066,253.5
14,66.60,2.2100,253.9
14,66.70,2.2138,254.3
14,66.80,2.2175,254.8
14,66.90,2.2206,255.1
14,67.00,2.2234,255.4
14,67.10,2.2264,255.8
14,67.20,2.2299,256.2
14,67.30,2.2338,256.6
14,67.40,2.2369,257.0
14,67.50,2.2401,257.3
14,67.60,2.2435,257.7
14,67.70,2.2470,258.1
14,67.80,2.2504,258.6
14,67.90,2.2537,258.9
14,68.00,2.2568,259.3
14,68.10,2.2600,259.6
14,68.20,2.2636,260.1
14,68.30,2.2672,260.5
14,68.40,2.2707,260.9
14,68.50,2.2738,261.2
14,68.60,2.2765,261.5
14,68.70,2.2795,261.9
14,68.80,2.2829,262.3
14,68.90,2.2866,262.7
14,69.00,2.2900,263.1
14,69.10,2.2934,263.4
14,69.20,2.2970,263.9
14,69.30,2.3005,264.3
14,69.40,2.3039,264.6
14,69.50,2.3071,265.0
14,69.60,2.3102,265.3
14,69.70,2.3135,265.7
14,69.80,2.3170,266.1
14,69.90,2.3204,266.5
14,70.00,2.3236,266.9
14,70.10,2.3266,267.2
14,70.20,2.3295,267.5
14,70.30,2.3328,267.9
14,70.40,2.3366,268.3
14,70.50,2.3402,268.7
14,70.60,2.3435,269.1
14,70.70,2.3470,269.5
14,70.80,2.3505,269.9
14,70.90,2.3539,270.3
14,71.00,2.3571,270.7
14,71.10,2.3601,271.0
14,71.20,2.3631,271.4
14,71.30,2.3665,271.8
14,71.40,2.3702,272.2
14,71.50,2.3738,272.6
14,71.60,2.3770,272.9
14,71.70,2.3798,273.3
14,71.80,2.3829,273.6
14,71.90,2.3864,274.0
14,72.00,2.3902,274.5
14,72.10,2.3937,274.9
14,72.20,2.3970,275.3
14,72.30,2.4005,275.7
14,72.40,2.4039,276.0
14,72.50,2.4072,276.4
14,72.60,2.4104,276.8
14,72.70,2.4136,277.1
14,72.80,2.4167,277.5
14,72.90,2.4203,277.9
14,73.00,2.4239,278.3
14,73.10,2.4273,278.7
14,73.20,2.4303,279.1
14,73.30,2.4332,279.4
14,73.40,2.4364,279.8
14,73.50,2.4401,280.2
14,73.60,2.4436,280.6
14,73.70,2.4467,280.9
14,73.80,2.4499,281.3
14,73.90,2.4535,281.7
14,74.00,2.4569,282.1
14,74.10,2.4603,282.5
14,74.20,2.4635,282.8
14,74.30,2.4666,283.2
14,74.40,2.4699,283.6
14,74.50,2.4736,284.0
14,74.60,2.4772,284.4
14,74.70,2.4805,284.8
14,74.80,2.4834,285.1
14,74.90,2.4861,285.4
14,75.00,2.4894,285.7
14,75.10,2.4932,286.2
14,75.20,2.4968,286.6
14,75.30,2.5001,287.0
14,75.40,2.5036,287.4
14,75.50,2.5072,287.8
14,75.60,2.5106,288.1
14,75.70,2.5139,288.5
14,75.80,2.5171,288.9
14,75.90,2.5201,289.2
14,76.00,2.5235,289.6
14,76.10,2.5272,290.0
14,76.20,2.5307,290.4
14,76.30,2.5337,290.7
14,76.40,2.5365,291.0
14,76.50,2.5395,291.4
14,76.60,2.5431,291.8
14,76.70,2.5470,292.2
14,76.80,2.5504,292.6
14,76.90,2.5536,293.0
14,77.00,2.5571,293.4
14,77.10,2.5606,293.8
14,77.20,2.5638,294.1
14,77.30,2.5670,294.5
14,77.40,2.5700,294.8
14,77.50,2.5732,295.2
14,77.60,2.5768,295.6
14,77.70,2.5803,296.0
14,77.80,2.5838,296.4
14,77.90,2.5868,296.7
14,78.00,2.5897,297.0
14,78.10,2.5930,297.4
14,78.20,2.5967,297.8
14,78.30,2.6004,298.2
14,78.40,2.6037,298.6
14,78.50,2.6070,299.0
14,78.60,2.6104,299.3
14,78.70,2.6137,299.7
14,78.80,2.6170,300.1
14,78.90,2.6202,300.4
14,79.00,2.6232,300.8
14,79.10,2.6265,301.2
14,79.20,2.6302,301.6
14,79.30,2.6339,302.0
14,79.40,2.6372,302.4
14,79.50,2.6400,302.7
14,79.60,2.6430,303.0
14,79.70,2.6463,303.4
14,79.80,2.6500,303.8
14,79.90,2.6534,304.2
14,80.00,2.6566,304.5
14,80.10,2.6601,304.9
14,80.20,2.6635,305.3
14,80.30,2.6668,305.7
14,80.40,2.6702,306.1
14,80.50,2.6733,306.4
14,80.60,2.6764,306.7
14,80.70,2.6801,307.2
14,80.80,2.6838,307.6
14,80.90,2.6873,308.0
14,81.00,2.6903,308.3
14,81.10,2.6931,308.6
14,81.20,2.6961,308.9
14,81.30,2.6996,309.3
14,81.40,2.7035,309.8
14,81.50,2.7069,310.1
14,81.60,2.7103,310.5
14,81.70,2.7140,311.0
14,81.80,2.7174,311.3
14,81.90,2.7209,311.7
14,82.00,2.7240,312.1
14,82.10,2.7270,312.4
14,82.20,2.7303,312.8
14,82.30,2.7338,313.1
14,82.40,2.7371,313.5
14,82.50,2.7403,313.9
14,82.60,2.7432,314.2
14,82.70,2.7461,314.5
14,82.80,2.7494,314.9
14,82.90,2.7533,315.3
14,83.00,2.7569,315.7
14,83.10,2.7601,316.1
14,83.20,2.7636,316.5
14,83.30,2.7672,316.9
14,83.40,2.7706,317.3
14,83.50,2.7739,317.7
14,83.60,2.7768,318.0
14,83.70,2.7798,318.3
14,83.80,2.7831,318.7
14,83.90,2.7868,319.1
14,84.00,2.7905,319.5
14,84.10,2.7937,319.9
14,84.20,2.7965,320.2
14,84.30,2.7995,320.5
14,84.40,2.8030,320.9
14,84.50,2.8069,321.4
14,84.60,2.8103,321.8
14,84.70,2.8137,322.1
14,84.80,2.8172,322.5
14,84.90,2.8206,322.9
14,85.00,2.8238,323.3
14,85.10,2.8270,323.6
14,85.20,2.8301,324.0
14,85.30,2.8333,324.3
14,85.40,2.8368,324.7
14,85.50,2.8406,325.2
14,85.60,2.8440,325.6
14,85.70,2.8470,325.9
14,85.80,2.8498,326.2
14,85.90,2.8529,326.5
14,86.00,2.8566,327.0
14,86.10,2.8603,327.4
14,86.20,2.8635,327.7
14,86.30,2.8668,328.1
14,86.40,2.8703,328.5
14,86.50,2.8738,328.9
14,86.60,2.8771,329.3
14,86.70,2.8803,329.6
14,86.80,2.8834,329.9
14,86.90,2.8867,330.3
14,87.00,2.8904,330.7
14,87.10,2.8940,331.1
14,87.20,2.8973,331.5
14,87.30,2.9000,331.8
14,87.40,2.9029,332.1
14,87.50,2.9061,332.5
14,87.60,2.9099,332.9
14,87.70,2.9135,333.3
14,87.80,2.9169,333.7
14,87.90,2.9204,334.1
14,88.00,2.9240,334.5
14,88.10,2.9273,334.8
14,88.20,2.9306,335.2
14,88.30,2.9336,335.5
14,88.40,2.9367,335.8
14,88.50,2.9401,336.2
14,88.60,2.9436,336.6
14,88.70,2.9471,337.0
14,88.80,2.9502,337.4
14,88.90,2.9530,337.7
14,89.00,2.9561,338.0
14,89.10,2.9596,338.4
14,89.20,2.9634,338.8
14,89.30,2.9668,339.2
14,89.40,2.9702,339.6
14,89.50,2.9736,339.9
14,89.60,2.9770,340.3
14,89.70,2.9803,340.7
14,89.80,2.9835,341.0
14,89.90,2.9865,341.3
14,90.00,2.9896,341.7
14,90.10,2.9933,342.1
14,90.20,2.9970,342.5
14,90.30,3.0006,342.9
14,90.40,3.0036,343.2
14,90.50,3.0064,343.5
14,90.60,3.0096,343.9
14,90.70,3.0134,344.3
14,90.80,3.0171,344.8
14,90.90,3.0204,345.1
14,91.00,3.0238,345.5
14,91.10,3.0273,345.9
14,91.20,3.0306,346.2
14,91.30,3.0340,346.6
14,91.40,3.0370,347.0
14,91.50,3.0401,347.3
14,91.60,3.0435,347.7
14,91.70,3.0470,348.0
14,91.80,3.0506,348.5
14,91.90,3.0538,348.8
14,92.00,3.0567,349.1
14,92.10,3.0596,349.4
14,92.20,3.0631,349.8
14,92.30,3.0668,350.2
14,92.40,3.0702,350.6
14,92.50,3.0733,350.9
14,92.60,3.0767,351.3
14,92.70,3.0802,351.7
14,92.80,3.0836,352.1
14,92.90,3.0868,352.4
14,93.00,3.0899,352.8
14,93.10,3.0931,353.1
14,93.20,3.0967,353.5
14,93.30,3.1005,354.0
14,93.40,3.1042,354.4
14,93.50,3.1072,354.7
14,93.60,3.1099,354.9
14,93.70,3.1128,355.3
14,93.80,3.1163,355.7
14,93.90,3.1201,356.1
14,94.00,3.1235,356.5
14,94.10,3.1270,356.8
14,94.20,3.1306,357.3
14,94.30,3.1340,357.6
14,94.40,3.1374,358.0
14,94.50,3.1406,358.3
14,94.60,3.1436,358.7
14,94.70,3.1468,359.0
14,94.80,3.1504,359.5
14,94.90,3.1540,359.8
14,95.00,3.1572,360.2
14,95.10,3.1600,360.5
14,95.20,3.1629,360.8
14,95.30,3.1661,361.1
14,95.40,3.1699,361.6
14,95.50,3.1735,362.0
14,95.60,3.1768,362.3
14,95.70,3.1802,362.7
14,95.80,3.1838,363.1
14,95.90,3.1873,363.5
14,96.00,3.1906,363.8
14,96.10,3.1936,364.2
14,96.20,3.1966,364.5
14,96.30,3.2000,364.9
14,96.40,3.2036,365.3
14,96.50,3.2073,365.7
14,96.60,3.2106,366.0
14,96.70,3.2133,366.3
14,96.80,3.2163,366.6
14,96.90,3.2198,367.0
14,97.00,3.2237,367.5
14,97.10,3.2271,367.9
14,97.20,3.2304,368.2
14,97.30,3.2339,368.6
14,97.40,3.2372,368.9
14,97.50,3.2404,369.3
14,97.60,3.2436,369.6
14,97.70,3.2466,370.0
14,97.80,3.2498,370.3
14,97.90,3.2533,370.7
14,98.00,3.2570,371.1
14,98.10,3.2605,371.5
14,98.20,3.2635,371.8
14,98.30,3.2663,372.1
14,98.40,3.2695,372.4
14,98.50,3.2731,372.8
14,98.60,3.2768,373.2
14,98.70,3.2801,373.6
14,98.80,3.2833,373.9
14,98.90,3.2867,374.3
14,99.00,3.2902,374.7
14,99.10,3.2935,375.1
14,99.20,3.2967,375.4
14,99.30,3.2998,375.7
14,99.40,3.3031,376.1
14,99.50,3.3069,376.5
14,99.60,3.3107,377.0
14,99.70,3.3140,377.3
14,99.80,3.3168,377.6
14,99.90,3.3197,377.9
14,100.00,3.3231,378.3
14,100.10,3.3269,378.7
14,100.20,3.3304,379.1
14,100.30,3.3336,379.4
14,100.40,3.3370,379.8
14,100.50,3.3406,380.2
14,100.60,3.3441,380.6
14,100.70,3.3473,380.9
14,100.80,3.3503,381.2
14,100.90,3.3533,381.6
14,101.00,3.3567,381.9
14,101.10,3.3604,382.3
14,101.20,3.3639,382.7
14,101.30,3.3669,383.0
14,101.40,3.3697,383.3
14,101.50,3.3728,383.6
14,101.60,3.3763,384.1
14,101.70,3.3801,384.5
14,101.80,3.3835,384.8
14,101.90,3.3868,385.2
14,102.00,3.3903,385.6
14,102.10,3.3938,386.0
14,102.20,3.3972,386.3
14,102.30,3.4003,386.6
14,102.40,3.4033,387.0
14,102.50,3.4064,387.3
14,102.60,3.4100,387.7
14,102.70,3.4138,388.1
14,102.80,3.4174,388.5
14,102.90,3.4203,388.8
14,103.00,3.4232,389.1
14,103.10,3.4263,389.4
14,103.20,3.4301,389.9
14,103.30,3.4337,390.3
14,103.40,3.4370,390.6
14,103.50,3.4404,391.0
14,103.60,3.4439,391.3
14,103.70,3.4473,391.7
14,103.80,3.4505,392.1
14,103.90,3.4535,392.4
14,104.00,3.4566,392.7
14,104.10,3.4600,393.1
14,104.20,3.4637,393.5
14,104.30,3.4673,393.9
14,104.40,3.4704,394.2
14,104.50,3.4733,394.5
14,104.60,3.4762,394.8
14,104.70,3.4797,395.2
14,104.80,3.4835,395.6
14,104.90,3.4870,396.0
14,105.00,3.4902,396.3
14,105.10,3.4936,396.7
14,105.20,3.4970,397.1
14,105.30,3.5004,397.4
14,105.40,3.5036,397.8
14,105.50,3.5067,398.1
14,105.60,3.5100,398.4
14,105.70,3.5136,398.8
14,105.80,3.5174,399.2
14,105.90,3.5209,399.6
14,106.00,3.5239,399.9
14,106.10,3.5266,400.2
14,106.20,3.5296,400.5
14,106.30,3.5331,400.9
14,106.40,3.5369,401.3
14,106.50,3.5402,401.7
14,106.60,3.5436,402.0
14,106.70,3.5471,402.4
14,106.80,3.5506,402.8
14,106.90,3.5538,403.1
14,107.00,3.5570,403.5
14,107.10,3.5600,403.8
14,107.20,3.5632,404.1
14,107.30,3.5667,404.5
14,107.40,3.5703,404.9
14,107.50,3.5736,405.2
14,107.60,3.5765,405.5
14,107.70,3.5794,405.8
14,107.80,3.5826,406.2
14,107.90,3.5864,406.6
14,108.00,3.5902,407.0
14,108.10,3.5935,407.4
14,108.20,3.5969,407.7
14,108.30,3.6004,408.1
14,108.40,3.6037,408.4
14,108.50,3.6070,408.8
14,108.60,3.6101,409.1
14,108.70,3.6132,409.4
14,108.80,3.6167,409.8
14,108.90,3.6205,410.2
14,109.00,3.6242,410.7
14,109.10,3.6273,411.0
14,109.20,3.6300,411.2
14,109.30,3.6330,411.6
14,109.40,3.6364,411.9
14,109.50,3.6402,412.3
14,109.60,3.6436,412.7
14,109.70,3.6469,413.1
14,109.80,3.6505,413.4
14,109.90,3.6540,413.8
14,110.00,3.6573,414.1
14,110.10,3.6605,414.5
14,110.20,3.6634,414.8
14,110.30,3.6666,415.1
14,110.40,3.6701,415.5
14,110.50,3.6737,415.9
14,110.60,3.6771,416.2
14,110.70,3.6801,416.5
14,110.80,3.6830,416.8
14,110.90,3.6862,417.2
14,111.00,3.6899,417.6
14,111.10,3.6936,418.0
14,111.20,3.6968,418.3
14,111.30,3.7001,418.7
14,111.40,3.7036,419.0
14,111.50,3.7072,419.4
14,111.60,3.7105,419.8
14,111.70,3.7136,420.1
14,111.80,3.7167,420.4
14,111.90,3.7200,420.8
14,112.00,3.7238,421.2
14,112.10,3.7276,421.6
14,112.20,3.7308,421.9
14,112.30,3.7336,422.2
14,112.40,3.7364,422.5
14,112.50,3.7397,422.8
14,112.60,3.7433,423.2
14,112.70,3.7468,423.6
14,112.80,3.7501,423.9
14,112.90,3.7536,424.3
14,113.00,3.7571,424.7
14,113.10,3.7605,425.0
14,113.20,3.7638,425.4
14,113.30,3.7668,425.7
14,113.40,3.7699,426.0
14,113.50,3.7734,426.3
14,113.60,3.7770,426.7
14,113.70,3.7805,427.1
14,113.80,3.7835,427.4
14,113.90,3.7863,427.7
14,114.00,3.7894,428.0
14,114.10,3.7931,428.4
14,114.20,3.7970,428.8
14,114.30,3.8003,429.2
14,114.40,3.8036,429.5
14,114.50,3.8070,429.9
14,114.60,3.8107,430.3
14,114.70,3.8140,430.6
14,114.80,3.8172,430.9
14,114.90,3.8203,431.2
14,115.00,3.8235,431.6
14,115.10,3.8269,431.9
14,115.20,3.8306,432.3
14,115.30,3.8341,432.7
14,115.40,3.8370,433.0
14,115.50,3.8397,433.3
14,115.60,3.8429,433.6
14,115.70,3.8466,434.0
14,115.80,3.8502,434.4
14,115.90,3.8535,434.7
14,116.00,3.8569,435.1
14,116.10,3.8605,435.5
14,116.20,3.8639,435.8
14,116.30,3.8671,436.2
14,116.40,3.8702,436.5
14,116.50,3.8732,436.8
14,116.60,3.8765,437.1
14,116.70,3.8801,437.5
14,116.80,3.8838,437.9
14,116.90,3.8870,438.2
14,117.00,3.8898,438.5
14,117.10,3.8928,438.8
14,117.20,3.8962,439.2
14,117.30,3.9001,439.6
14,117.40,3.9035,439.9
14,117.50,3.9067,440.3
14,117.60,3.9101,440.6
14,117.70,3.9136,441.0
14,117.80,3.9170,441.3
14,117.90,3.9203,441.7
14,118.00,3.9234,442.0
14,118.10,3.9266,442.3
14,118.20,3.9302,442.7
14,118.30,3.9339,443.1
14,118.40,3.9374,443.5
14,118.50,3.9404,443.8
14,118.60,3.9432,444.1
14,118.70,3.9462,444.3
14,118.80,3.9497,444.7
14,118.90,3.9534,445.1
14,119.00,3.9568,445.5
14,119.10,3.9603,445.9
14,119.20,3.9638,446.2
14,119.30,3.9672,446.6
14,119.40,3.9706,446.9
14,119.50,3.9738,447.3
14,119.60,3.9768,447.6
14,119.70,3.9801,447.9
14,119.80,3.9836,448.3
14,119.90,3.9872,448.6
14,120.00,3.9903,449.0
14,120.10,3.9932,449.2
14,120.20,3.9962,449.6
14,120.30,3.9995,449.9
14,120.40,4.0034,450.3
14,120.50,4.0070,450.7
14,120.60,4.0103,451.0
14,120.70,4.0137,451.4
14,120.80,4.0172,451.7
14,120.90,4.0206,452.1
14,121.00,4.0239,452.4
14,121.10,4.0269,452.7
14,121.20,4.0299,453.0
14,121.30,4.0332,453.4
14,121.40,4.0369,453.8
14,121.50,4.0407,454.2
14,121.60,4.0439,454.5
14,121.70,4.0467,454.7
14,121.80,4.0496,455.0
14,121.90,4.0530,455.4
14,122.00,4.0568,455.8
14,122.10,4.0603,456.2
14,122.20,4.0636,456.5
14,122.30,4.0671,456.9
14,122.40,4.0705,457.2
14,122.50,4.0736,457.5
14,122.60,4.0769,457.9
14,122.70,4.0799,458.2
14,122.80,4.0831,458.5
14,122.90,4.0867,458.9
14,123.00,4.0904,459.3
14,123.10,4.0939,459.6
14,123.20,4.0968,459.9
14,123.30,4.0998,460.2
14,123.40,4.1030,460.5
14,123.50,4.1068,460.9
14,123.60,4.1105,461.3
14,123.70,4.1136,461.6
14,123.80,4.1168,461.9
14,123.90,4.1203,462.3
14,124.00,4.1238,462.6
14,124.10,4.1271,463.0
14,124.20,4.1303,463.3
14,124.30,4.1334,463.6
14,124.40,4.1368,463.9
14,124.50,4.1406,464.4
14,124.60,4.1443,464.8
14,124.70,4.1475,465.0
14,124.80,4.1502,465.3
14,124.90,4.1529,465.6
14,125.00,4.1561,465.9
14,125.10,4.1598,466.3
14,125.20,4.1634,466.7
14,125.30,4.1667,467.0
14,125.40,4.1701,467.3
14,125.50,4.1736,467.7
14,125.60,4.1770,468.0
14,125.70,4.1804,468.4
14,125.80,4.1835,468.7
14,125.90,4.1866,469.0
14,126.00,4.1901,469.4
14,126.10,4.1936,469.7
14,126.20,4.1971,470.1
14,126.30,4.2002,470.4
14,126.40,4.2030,470.7
14,126.50,4.2061,471.0
14,126.60,4.2097,471.4
14,126.70,4.2135,471.8
14,126.80,4.2169,472.1
14,126.90,4.2203,472.5
14,127.00,4.2239,472.8
14,127.10,4.2273,473.2
14,127.20,4.2306,473.5
14,127.30,4.2337,473.8
14,127.40,4.2367,474.1
14,127.50,4.2399,474.4
14,127.60,4.2434,474.8
14,127.70,4.2473,475.2
14,127.80,4.2506,475.5
14,127.90,4.2535,475.8
14,128.00,4.2563,476.1
14,128.10,4.2594,476.4
14,128.20,4.2632,476.8
14,128.30,4.2668,477.2
14,128.40,4.2702,477.5
14,128.50,4.2736,477.8
14,128.60,4.2770,478.2
14,128.70,4.2803,478.5
14,128.80,4.2836,478.9
14,128.90,4.2868,479.2
14,129.00,4.2900,479.5
14,129.10,4.2934,479.8
14,129.20,4.2971,480.2
14,129.30,4.3007,480.6
14,129.40,4.3039,480.9
14,129.50,4.3067,481.1
14,129.60,4.3097,481.4
14,129.70,4.3132,481.8
14,129.80,4.3170,482.2
14,129.90,4.3202,482.5
14,130.00,4.3233,482.8
14,130.10,4.3267,483.1
14,130.20,4.3302,483.5
14,130.30,4.3335,483.8
14,130.40,4.3369,484.2
14,130.50,4.3401,484.5
14,130.60,4.3433,484.8
14,130.70,4.3468,485.2
14,130.80,4.3506,485.6
14,130.90,4.3543,486.0
14,131.00,4.3574,486.2
14,131.10,4.3599,486.5
14,131.20,4.3628,486.7
14,131.30,4.3664,487.1
14,131.40,4.3701,487.5
14,131.50,4.3735,487.9
14,131.60,4.3769,488.2
14,131.70,4.3804,488.6
14,131.80,4.3839,488.9
14,131.90,4.3872,489.3
14,132.00,4.3904,489.6
14,132.10,4.3933,489.9
14,132.20,4.3966,490.2
14,132.30,4.4002,490.6
14,132.40,4.4038,491.0
14,132.50,4.4071,491.3
14,132.60,4.4100,491.6
14,132.70,4.4130,491.9
14,132.80,4.4163,492.2
14,132.90,4.4203,492.6
14,133.00,4.4239,493.0
14,133.10,4.4272,493.3
14,133.20,4.4305,493.6
14,133.30,4.4341,494.0
14,133.40,4.4375,494.3
14,133.50,4.4406,494.6
14,133.60,4.4436,494.9
14,133.70,4.4466,495.2
14,133.80,4.4499,495.5
14,133.90,4.4536,495.9
14,134.00,4.4572,496.3
14,134.10,4.4604,496.6
14,134.20,4.4632,496.8
14,134.30,4.4662,497.1
14,134.40,4.4697,497.5
14,134.50,4.4735,497.9
14,134.60,4.4769,498.2
14,134.70,4.4802,498.5
14,134.80,4.4836,498.9
14,134.90,4.4870,499.2
14,135.00,4.4903,499.5
14,135.10,4.4936,499.8
14,135.20,4.4966,500.1
14,135.30,4.4998,500.4
14,135.40,4.5033,500.8
14,135.50,4.5071,501.2
14,135.60,4.5106,501.5
14,135.70,4.5136,501.8
14,135.80,4.5164,502.1
14,135.90,4.5196,502.4
14,136.00,4.5234,502.7
14,136.10,4.5270,503.1
14,136.20,4.5303,503.4
14,136.30,4.5336,503.7
14,136.40,4.5369,504.1
14,136.50,4.5402,504.4
14,136.60,4.5436,504.7
14,136.70,4.5468,505.0
14,136.80,4.5499,505.3
14,136.90,4.5532,505.7
14,137.00,4.5570,506.0
14,137.10,4.5608,506.4
14,137.20,4.5640,506.7
14,137.30,4.5667,507.0
14,137.40,4.5695,507.2
14,137.50,4.5727,507.5
14,137.60,4.5764,507.9
14,137.70,4.5800,508.3
14,137.80,4.5834,508.6
14,137.90,4.5869,508.9
14,138.00,4.5905,509.3
14,138.10,4.5940,509.6
14,138.20,4.5973,509.9
14,138.30,4.6004,510.2
14,138.40,4.6034,510.5
14,138.50,4.6069,510.8
14,138.60,4.6106,511.2
14,138.70,4.6140,511.5
14,138.80,4.6170,511.8
14,138.90,4.6197,512.0
14,139.00,4.6228,512.3
14,139.10,4.6264,512.7
14,139.20,4.6302,513.1
14,139.30,4.6337,513.4
14,139.40,4.6370,513.7
14,139.50,4.6405,514.1
14,139.60,4.6439,514.4
14,139.70,4.6473,514.7
14,139.80,4.6505,515.0
14,139.90,4.6534,515.3
14,140.00,4.6565,515.6
14,140.10,4.6599,515.9
14,140.20,4.6636,516.3
14,140.30,4.6671,516.6
14,140.40,4.6701,516.9
14,140.50,4.6729,517.2
14,140.60,4.6761,517.5
14,140.70,4.6799,517.8
14,140.80,4.6836,518.2
14,140.90,4.6869,518.5
14,141.00,4.6903,518.9
14,141.10,4.6938,519.2
14,141.20,4.6972,519.5
14,141.30,4.7006,519.8
14,141.40,4.7037,520.1
14,141.50,4.7067,520.4
14,141.60,4.7100,520.7
14,141.70,4.7138,521.1
14,141.80,4.7175,521.4
14,141.90,4.7206,521.8
14,142.00,4.7234,522.0
14,142.10,4.7264,522.3
14,142.20,4.7298,522.6
14,142.30,4.7337,523.0
14,142.40,4.7370,523.3
14,142.50,4.7402,523.6
14,142.60,4.7436,523.9
14,142.70,4.7470,524.3
14,142.80,4.7504,524.6
14,142.90,4.7536,524.9
14,143.00,4.7568,525.2
14,143.10,4.7600,525.5
14,143.20,4.7636,525.8
14,143.30,4.7673,526.2
14,143.40,4.7708,526.6
14,143.50,4.7737,526.8
14,143.60,4.7764,527.0
14,143.70,4.7793,527.3
14,143.80,4.7828,527.6
14,143.90,4.7866,528.0
14,144.00,4.7900,528.3
14,144.10,4.7934,528.7
14,144.20,4.7970,529.0
14,144.30,4.8005,529.3
14,144.40,4.8040,529.7
14,144.50,4.8072,530.0
14,144.60,4.8102,530.2
14,144.70,4.8134,530.5
14,144.80,4.8168,530.8
14,144.90,4.8203,531.2
14,145.00,4.8237,531.5
14,145.10,4.8267,531.8
14,145.20,4.8295,532.1
14,145.30,4.8328,532.4
14,145.40,4.8367,532.8
14,145.50,4.8403,533.1
14,145.60,4.8436,533.4
14,145.70,4.8470,533.7
14,145.80,4.8505,534.1
14,145.90,4.8538,534.4
14,146.00,4.8571,534.7
14,146.10,4.8601,535.0
14,146.20,4.8631,535.2
14,146.30,4.8664,535.5
14,146.40,4.8700,535.9
14,146.50,4.8738,536.3
14,146.60,4.8770,536.6
14,146.70,4.8799,536.8
14,146.80,4.8828,537.1
14,146.90,4.8862,537.4
14,147.00,4.8901,537.8
14,147.10,4.8937,538.1
14,147.20,4.8972,538.5
14,147.30,4.9006,538.8
14,147.40,4.9039,539.1
14,147.50,4.9072,539.4
14,147.60,4.9105,539.7
14,147.70,4.9135,540.0
14,147.80,4.9167,540.3
14,147.90,4.9203,540.6
14,148.00,4.9240,541.0
14,148.10,4.9275,541.3
14,148.20,4.9303,541.5
14,148.30,4.9332,541.8
14,148.40,4.9364,542.1
14,148.50,4.9401,542.4
14,148.60,4.9437,542.8
14,148.70,4.9468,543.1
14,148.80,4.9500,543.3
14,148.90,4.9534,543.7
14,149.00,4.9568,544.0
14,149.10,4.9601,544.3
14,149.20,4.9633,544.6
14,149.30,4.9665,544.8
14,149.40,4.9699,545.2
14,149.50,4.9736,545.5
14,149.60,4.9774,545.9
14,149.70,4.9807,546.2
14,149.80,4.9834,546.4
14,149.90,4.9862,546.6
14,150.00,4.9894,546.9
14,150.10,4.9933,547.3
14,150.20,4.9968,547.7
14,150.30,5.0002,548.0
14,150.40,5.0036,548.3
14,150.50,5.0072,548.6
14,150.60,5.0106,548.9
14,150.70,5.0140,549.2
14,150.80,5.0171,549.5
14,150.90,5.0202,549.8
14,151.00,5.0236,550.1
14,151.10,5.0272,550.4
14,151.20,5.0306,550.8
14,151.30,5.0336,551.0
14,151.40,5.0364,551.2
14,151.50,5.0394,551.5
14,151.60,5.0431,551.8
14,151.70,5.0470,552.2
14,151.80,5.0504,552.5
14,151.90,5.0538,552.8
14,152.00,5.0572,553.2
14,152.10,5.0606,553.5
14,152.20,5.0639,553.8
14,152.30,5.0670,554.0
14,152.40,5.0700,554.3
14,152.50,5.0731,554.6
14,152.60,5.0767,554.9
14,152.70,5.0804,555.2
14,152.80,5.0839,555.6
14,152.90,5.0869,555.8
14,153.00,5.0897,556.0
14,153.10,5.0929,556.3
14,153.20,5.0967,556.7
14,153.30,5.1003,557.0
14,153.40,5.1037,557.3
14,153.50,5.1071,557.6
14,153.60,5.1105,557.9
14,153.70,5.1137,558.2
14,153.80,5.1171,558.5
14,153.90,5.1202,558.8
14,154.00,5.1232,559.1
14,154.10,5.1266,559.4
14,154.20,5.1304,559.7
14,154.30,5.1341,560.1
14,154.40,5.1372,560.3
14,154.50,5.1400,560.6
14,154.60,5.1429,560.8
14,154.70,5.1463,561.1
14,154.80,5.1500,561.5
14,154.90,5.1534,561.8
14,155.00,5.1566,562.1
14,155.10,5.1600,562.4
14,155.20,5.1635,562.7
14,155.30,5.1669,563.0
14,155.40,5.1702,563.3
14,155.50,5.1733,563.6
14,155.60,5.1765,563.8
14,155.70,5.1800,564.2
14,155.80,5.1838,564.5
14,155.90,5.1874,564.8
14,156.00,5.1904,565.1
14,156.10,5.1930,565.3
14,156.20,5.1960,565.5
14,156.30,5.1995,565.9
14,156.40,5.2034,566.2
14,156.50,5.2070,566.6
14,156.60,5.2104,566.9
14,156.70,5.2139,567.2
14,156.80,5.2173,567.5
14,156.90,5.2207,567.8
14,157.00,5.2240,568.1
14,157.10,5.2270,568.3
14,157.20,5.2303,568.6
14,157.30,5.2337,568.9
14,157.40,5.2372,569.2
14,157.50,5.2405,569.5
14,157.60,5.2434,569.7
14,157.70,5.2462,570.0
14,157.80,5.2495,570.2
14,157.90,5.2533,570.6
14,158.00,5.2569,570.9
14,158.10,5.2602,571.2
14,158.20,5.2635,571.5
14,158.30,5.2669,571.8
14,158.40,5.2704,572.1
14,158.50,5.2737,572.4
14,158.60,5.2767,572.6
14,158.70,5.2798,572.9
14,158.80,5.2832,573.2
14,158.90,5.2869,573.5
14,159.00,5.2907,573.9
14,159.10,5.2938,574.1
14,159.20,5.2966,574.3
14,159.30,5.2996,574.6
14,159.40,5.3031,574.9
14,159.50,5.3070,575.2
14,159.60,5.3104,575.5
14,159.70,5.3138,575.8
14,159.80,5.3172,576.1
14,159.90,5.3204,576.4
14,160.00,5.3237,576.7
14,160.10,5.3270,576.9
14,160.20,5.3302,577.2
14,160.30,5.3333,577.5
14,160.40,5.3369,577.8
14,160.50,5.3406,578.1
14,160.60,5.3440,578.4
14,160.70,5.3470,578.6
14,160.80,5.3497,578.8
14,160.90,5.3529,579.1
14,161.00,5.3567,579.4
14,161.10,5.3603,579.7
14,161.20,5.3634,580.0
14,161.30,5.3668,580.3
14,161.40,5.3702,580.6
14,161.50,5.3737,580.9
14,161.60,5.3771,581.2
14,161.70,5.3802,581.4
14,161.80,5.3834,581.7
14,161.90,5.3868,581.9
14,162.00,5.3904,582.3
14,162.10,5.3942,582.6
14,162.20,5.3974,582.9
14,162.30,5.4001,583.1
14,162.40,5.4028,583.3
14,162.50,5.4061,583.6
14,162.60,5.4098,583.9
14,162.70,5.4134,584.2
14,162.80,5.4168,584.5
14,162.90,5.4205,584.8
14,163.00,5.4240,585.1
14,163.10,5.4274,585.4
14,163.20,5.4306,585.7
14,163.30,5.4336,585.9
14,163.40,5.4367,586.1
14,163.50,5.4401,586.4
14,163.60,5.4437,586.7
14,163.70,5.4471,587.0
14,163.80,5.4501,587.2
14,163.90,5.4529,587.4
14,164.00,5.4559,587.7
14,164.10,5.4595,588.0
14,164.20,5.4634,588.4
14,164.30,5.4668,588.6
14,164.40,5.4701,588.9
14,164.50,5.4735,589.2
14,164.60,5.4771,589.5
14,164.70,5.4805,589.7
14,164.80,5.4836,590.0
14,164.90,5.4865,590.2
14,165.00,5.4898,590.5
14,165.10,5.4934,590.8
14,165.20,5.4971,591.1
14,165.30,5.5006,591.4
14,165.40,5.5035,591.6
14,165.50,5.5063,591.9
14,165.60,5.5096,592.1
14,165.70,5.5134,592.5
14,165.80,5.5171,592.8
14,165.90,5.5204,593.0
14,166.00,5.5238,593.3
14,166.10,5.5273,593.6
14,166.20,5.5306,593.9
14,166.30,5.5339,594.1
14,166.40,5.5370,594.4
14,166.50,5.5401,594.6
14,166.60,5.5436,594.9
14,166.70,5.5473,595.2
14,166.80,5.5508,595.5
14,166.90,5.5539,595.7
14,167.00,5.5566,595.9
14,167.10,5.5595,596.1
14,167.20,5.5629,596.4
14,167.30,5.5667,596.8
14,167.40,5.5701,597.0
14,167.50,5.5733,597.3
14,167.60,5.5767,597.6
14,167.70,5.5801,597.8
14,167.80,5.5834,598.1
14,167.90,5.5868,598.4
14,168.00,5.5900,598.6
14,168.10,5.5932,598.9
14,168.20,5.5968,599.1
14,168.30,5.6006,599.5
14,168.40,5.6042,599.8
14,168.50,5.6072,600.0
14,168.60,5.6099,600.2
14,168.70,5.6128,600.4
14,168.80,5.6163,600.7
14,168.90,5.6201,601.0
14,169.00,5.6235,601.2
14,169.10,5.6269,601.5
14,169.20,5.6305,601.8
14,169.30,5.6340,602.1
14,169.40,5.6374,602.3
14,169.50,5.6405,602.6
14,169.60,5.6435,602.8
14,169.70,5.6468,603.0
14,169.80,5.6504,603.3
14,169.90,5.6539,603.6
14,170.00,5.6571,603.8
14,170.10,5.6600,604.1
14,170.20,5.6628,604.3
14,170.30,5.6661,604.5
14,170.40,5.6701,604.9
14,170.50,5.6737,605.1
14,170.60,5.6770,605.4
14,170.70,5.6803,605.6
14,170.80,5.6837,605.9
14,170.90,5.6872,606.2
14,171.00,5.6905,606.4
14,171.10,5.6935,606.6
14,171.20,5.6965,606.8
14,171.30,5.6998,607.1
14,171.40,5.7036,607.4
14,171.50,5.7073,607.7
14,171.60,5.7105,607.9
14,171.70,5.7133,608.1
14,171.80,5.7163,608.3
14,171.90,5.7198,608.6
14,172.00,5.7237,608.9
14,172.10,5.7272,609.2
14,172.20,5.7305,609.4
14,172.30,5.7340,609.7
14,172.40,5.7372,609.9
14,172.50,5.7405,610.1
14,172.60,5.7437,610.4
14,172.70,5.7467,610.6
14,172.80,5.7498,610.8
14,172.90,5.7533,611.1
14,173.00,5.7570,611.3
14,173.10,5.7604,611.6
14,173.20,5.7635,611.8
14,173.30,5.7664,612.0
14,173.40,5.7695,612.2
14,173.50,5.7731,612.5
14,173.60,5.7769,612.8
14,173.70,5.7800,613.0
14,173.80,5.7833,613.3
14,173.90,5.7867,613.5
14,174.00,5.7902,613.8
14,174.10,5.7935,614.0
14,174.20,5.7967,614.2
14,174.30,5.7998,614.4
14,174.40,5.8032,614.7
14,174.50,5.8070,615.0
14,174.60,5.8109,615.3
14,174.70,5.8141,615.5
14,174.80,5.8168,615.7
14,174.90,5.8196,615.8
14,175.00,5.8228,616.0
14,175.10,5.8267,616.3
14,175.20,5.8303,616.6
14,175.30,5.8336,616.8
14,175.40,5.8371,617.1
14,175.50,5.8406,617.3
14,175.60,5.8440,617.6
14,175.70,5.8474,617.9
14,175.80,5.8503,618.0
14,175.90,5.8534,618.2
14,176.00,5.8568,618.5
14,176.10,5.8604,618.7
14,176.20,5.8638,619.0
14,176.30,5.8668,619.2
14,176.40,5.8697,619.3
14,176.50,5.8728,619.5
14,176.60,5.8763,619.8
14,176.70,5.8802,620.1
14,176.80,5.8836,620.3
14,176.90,5.8869,620.6
14,177.00,5.8903,620.8
14,177.10,5.8937,621.1
14,177.20,5.8971,621.3
14,177.30,5.9003,621.5
14,177.40,5.9032,621.7
14,177.50,5.9064,621.9
14,177.60,5.9101,622.1
14,177.70,5.9140,622.4
14,177.80,5.9174,622.7
14,177.90,5.9203,622.8
14,178.00,5.9231,623.0
14,178.10,5.9264,623.2
14,178.20,5.9302,623.5
14,178.30,5.9338,623.8
14,178.40,5.9372,624.0
14,178.50,5.9405,624.2
14,178.60,5.9438,624.4
14,178.70,5.9470,624.6
14,178.80,5.9503,624.8
14,178.90,5.9535,625.0
14,179.00,5.9566,625.2
14,179.10,5.9598,625.4
14,179.20,5.9636,625.7
14,179.30,5.9674,626.0
14,179.40,5.9705,626.2
14,179.50,5.9733,626.3
14,179.60,5.9763,626.5
14,179.70,5.9797,626.7
14,179.80,5.9836,627.0
14,179.90,5.9869,627.2
14,180.00,5.9901,627.4
14,180.10,5.9935,627.7
14,180.20,5.9971,627.9
14,180.30,6.0005,628.1
14,180.40,6.0037,628.3
14,180.50,6.0069,628.5
14,180.60,6.0101,628.7
14,180.70,6.0137,628.9
14,180.80,6.0174,629.2
14,180.90,6.0208,629.4
14,181.00,6.0237,629.6
14,181.10,6.0265,629.7
14,181.20,6.0295,629.9
14,181.30,6.0331,630.1
14,181.40,6.0370,630.4
14,181.50,6.0405,630.6
14,181.60,6.0437,630.8
14,181.70,6.0470,631.0
14,181.80,6.0504,631.2
14,181.90,6.0538,631.4
14,182.00,6.0570,631.6
14,182.10,6.0600,631.8
14,182.20,6.0632,631.9
14,182.30,6.0667,632.2
14,182.40,6.0703,632.4
14,182.50,6.0736,632.6
14,182.60,6.0765,632.8
14,182.70,6.0794,632.9
14,182.80,6.0826,633.1
14,182.90,6.0864,633.3
14,183.00,6.0902,633.6
14,183.10,6.0935,633.8
14,183.20,6.0969,634.0
14,183.30,6.1004,634.2
14,183.40,6.1037,634.4
14,183.50,6.1071,634.6
14,183.60,6.1101,634.8
14,183.70,6.1131,634.9
14,183.80,6.1166,635.2
14,183.90,6.1204,635.4
14,184.00,6.1241,635.6
14,184.10,6.1272,635.8
14,184.20,6.1300,635.9
14,184.30,6.1330,636.1
14,184.40,6.1364,636.3
14,184.50,6.1403,636.6
14,184.60,6.1438,636.8
14,184.70,6.1470,636.9
14,184.80,6.1504,637.1
14,184.90,6.1538,637.4
14,185.00,6.1571,637.5
14,185.10,6.1604,637.7
14,185.20,6.1634,637.9
14,185.30,6.1666,638.0
14,185.40,6.1701,638.2
14,185.50,6.1738,638.5
14,185.60,6.1773,638.7
14,185.70,6.1802,638.8
14,185.80,6.1831,638.9
14,185.90,6.1862,639.1
14,186.00,6.1899,639.3
14,186.10,6.1936,639.5
14,186.20,6.1968,639.7
14,186.30,6.2001,639.9
14,186.40,6.2035,640.1
14,186.50,6.2070,640.3
14,186.60,6.2103,640.4
14,186.70,6.2135,640.6
14,186.80,6.2166,640.8
14,186.90,6.2200,640.9
14,187.00,6.2238,641.2
14,187.10,6.2276,641.4
14,187.20,6.2308,641.6
14,187.30,6.2335,641.7
14,187.40,6.2363,641.8
14,187.50,6.2395,641.9
14,187.60,6.2433,642.1
14,187.70,6.2469,642.4
14,187.80,6.2503,642.5
14,187.90,6.2537,642.7
14,188.00,6.2571,642.9
14,188.10,6.2605,643.1
14,188.20,6.2638,643.3
14,188.30,6.2669,643.4
14,188.40,6.2700,643.5
14,188.50,6.2735,643.7
14,188.60,6.2771,643.9
14,188.70,6.2805,644.1
14,188.80,6.2835,644.2
14,188.90,6.2863,644.3
14,189.00,6.2894,644.4
14,189.10,6.2931,644.7
14,189.20,6.2970,644.9
14,189.30,6.3005,645.1
14,189.40,6.3037,645.2
14,189.50,6.3070,645.4
14,189.60,6.3106,645.6
14,189.70,6.3140,645.7
14,189.80,6.3171,645.9
14,189.90,6.3201,646.0
14,190.00,6.3233,646.1
14,190.10,6.3268,646.3
14,190.20,6.3306,646.5
14,190.30,6.3341,646.7
14,190.40,6.3370,646.8
14,190.50,6.3398,646.9
14,190.60,6.3429,647.0
14,190.70,6.3467,647.2
14,190.80,6.3504,647.4
14,190.90,6.3537,647.6
14,191.00,6.3570,647.7
14,191.10,6.3603,647.9
14,191.20,6.3637,648.0
14,191.30,6.3670,648.2
14,191.40,6.3701,648.3
14,191.50,6.3732,648.4
14,191.60,6.3765,648.5
14,191.70,6.3801,648.7
14,191.80,6.3839,648.9
14,191.90,6.3871,649.0
14,192.00,6.3899,649.1
14,192.10,6.3929,649.2
14,192.20,6.3962,649.4
14,192.30,6.4001,649.6
14,192.40,6.4035,649.7
14,192.50,6.4068,649.9
14,192.60,6.4102,650.0
14,192.70,6.4136,650.2
14,192.80,6.4170,650.3
14,192.90,6.4203,650.4
14,193.00,6.4234,650.5
14,193.10,6.4266,650.7
14,193.20,6.4301,650.8
14,193.30,6.4340,651.0
14,193.40,6.4376,651.2
14,193.50,6.4405,651.3
14,193.60,6.4431,651.3
14,193.70,6.4461,651.4
14,193.80,6.4496,651.6
14,193.90,6.4534,651.8
14,194.00,6.4569,651.9
14,194.10,6.4602,652.0
14,194.20,6.4637,652.2
14,194.30,6.4672,652.3
14,194.40,6.4706,652.4
14,194.50,6.4738,652.5
14,194.60,6.4769,652.6
14,194.70,6.4801,652.7
14,194.80,6.4836,652.8
14,194.90,6.4871,653.0
14,195.00,6.4903,653.1
14,195.10,6.4932,653.1
14,195.20,6.4961,653.2
14,195.30,6.4993,653.3
14,195.40,6.5032,653.4
14,195.50,6.5070,653.6
14,195.60,6.5104,653.7
14,195.70,6.5138,653.8
14,195.80,6.5173,653.9
14,195.90,6.5206,654.0
14,196.00,6.5238,654.0
14,196.10,6.5268,654.1
14,196.20,6.5299,654.1
14,196.30,6.5333,654.2
14,196.40,6.5370,654.3
14,196.50,6.5407,654.4
14,196.60,6.5438,654.5
14,196.70,6.5466,654.4
14,196.80,6.5496,654.4
14,196.90,6.5532,654.5
14,196.96,6.5555,654.6
14,197.00,6.5570,654.6
14,197.10,6.5605,654.6
14,197.20,6.5637,654.6
14,197.30,6.5671,654.5
14,197.40,6.5704,654.5
14,197.50,6.5736,654.4
14,197.60,6.5769,654.2
14,197.70,6.5800,653.8
14,197.80,6.5831,638.1
14,197.81,6.5836,552.5
14,197.81,6.5843,481.8
14,197.82,6.5853,409.8
14,197.82,6.5868,342.7
14,197.83,6.5904,235.6
14,197.84,6.5949,159.9
